Date,Route,Rating,Notes,URL,Pitches,Location,"Avg Stars","Your Stars",Style,"Lead Style","Route Type","Your Rating",Length,"Rating Code"
2026-01-19,"Snott Girlz",5.10+,"Started before the sun hit the wall so I took on P1 to get the feeling back into my fingers. P1 & 2 are good, but the rest is pretty chossy with uninspiring climbing. No idea why it has the rep it does! It’s no Lisa’s Pizzas",https://www.mountainproject.com/route/106115483/snott-girlz,5,"International > North America > Mexico > Nuevo Leon > El Potrero Chico > Mota Wall",3.5,1,Lead,Fell/Hung,Sport,,450,3300
2025-04-16,Crescendo,5.10a,"TRd to a few moves below the crux then led the rest w/ Yav",https://www.mountainproject.com/route/112197296/crescendo,1,"West Virginia > Eastern WV > Nelson Rocks > West Face, East Fin > Crescendo Wall",3.5,4,TR,,Trad,,120,2600
2025-04-14,Crescendo,5.10a,"LRS w/ Revo. Only three pitches because I cleaned the money pitch on rappel. So stoked to get the send solo!",https://www.mountainproject.com/route/112197296/crescendo,3,"West Virginia > Eastern WV > Nelson Rocks > West Face, East Fin > Crescendo Wall",3.5,4,Lead,Redpoint,Trad,,120,2600
2025-04-11,"Skyline Traverse",5.3,"Just pitch 1 with Kim to go on a booty run",https://www.mountainproject.com/route/105917259/skyline-traverse,1,"West Virginia > Seneca Rocks > South Peak - East Face > Southeast Corner",2.9,-1,Lead,Redpoint,Trad,,,1300
2025-04-09,Crescendo,5.10a,"Redpointed the money pitch once, TRd it again, then TRd the first pitch in approach shoes to get my bag that I forgot :|",https://www.mountainproject.com/route/112197296/crescendo,3,"West Virginia > Eastern WV > Nelson Rocks > West Face, East Fin > Crescendo Wall",3.5,4,Lead,Redpoint,Trad,,120,2600
2025-04-05,"The Threat",5.12b,"Followed New Tom. Tough line!",https://www.mountainproject.com/route/106282065/the-threat,1,"West Virginia > Seneca Rocks > The Cave",3.3,-1,Follow,,Sport,,70,6900
2025-04-05,Predator,5.12a,"Bolt to bolted it, but it doesn't feel quite so bad still",https://www.mountainproject.com/route/106282059/predator,1,"West Virginia > Seneca Rocks > The Cave",3.0,-1,Lead,Fell/Hung,Sport,,45,6600
2025-04-01,"5.11a sport",5.11a,"Grizzly Adams at nrocks. Hung a couple times but I think it&#39;ll go without too much projecting!",https://www.mountainproject.com/route/112166325/511a-sport,1,"* In Progress > Generic Area",2.9,-1,Lead,Fell/Hung,Sport,,,4600
2025-04-01,"5.10a sport",5.10a,"Lifers at nrocks",https://www.mountainproject.com/route/112166313/510a-sport,1,"* In Progress > Generic Area",2.6,-1,Lead,Redpoint,Sport,,,2600
2025-04-01,"5.10b sport",5.10b,"Dominion at nrocks. Fell on the second to last bolt, was kinda pumped out from earlier!",https://www.mountainproject.com/route/112166299/510b-sport,1,"* In Progress > Generic Area",2.8,-1,Lead,Fell/Hung,Sport,,,2900
2025-04-01,Crescendo,5.10a,"Clean TR",https://www.mountainproject.com/route/112197296/crescendo,1,"West Virginia > Eastern WV > Nelson Rocks > West Face, East Fin > Crescendo Wall",3.5,4,TR,,Trad,,120,2600
2025-03-28,"5.10c trad",5.10c,"A hard finger crack corner near the summit at NRocks. Probably already climbed but I can&#39;t find info on it anywhere",https://www.mountainproject.com/route/112169061/510c-trad,1,"* In Progress > Generic Area",3.1,-1,Lead,Fell/Hung,Trad,,,3200
2025-03-25,"5.10 b/c trad",5.10b/c,"The Petting Zoo at NRocks. Fun line!",https://www.mountainproject.com/route/124655952/510-bc-trad,1,"* In Progress > Generic Area",2.7,-1,Lead,Onsight,Trad,,,3100
2025-03-25,"5.10a trad",5.10a,"I think I did an easier version of The Wax Museum at NRocks. Get into the finger cracks earlier next time!",https://www.mountainproject.com/route/112169053/510a-trad,1,"* In Progress > Generic Area",2.7,-1,Lead,Onsight,Trad,,,2600
2025-03-25,"5.10a trad",5.10a,"Ed&#39;s Fudge Shop at NRocks. One extra lap on TR",https://www.mountainproject.com/route/112169053/510a-trad,2,"* In Progress > Generic Area",2.7,-1,Lead,Onsight,Trad,,,2600
2025-03-22,"Cast of Thousands",5.10a,"TR solo laps",https://www.mountainproject.com/route/107746890/cast-of-thousands,5,"West Virginia > Seneca Rocks > South Peak - West Face > South Peak West Face (Main Area)",2.4,-1,TR,,Trad,,200,2600
2025-03-19,"Worrell's Thicket",5.0,"Resin run!",https://www.mountainproject.com/route/110726960/worrells-thicket,2,"West Virginia > Seneca Rocks > South Peak - East Face > Southeast Corner",2.0,-1,Solo,,Trad,,160,1000
2025-03-18,"West Pole",5.7+,"LRS w/ Revo, +1 pitch to clean and +1 scramble approach pitch. Woo!!",https://www.mountainproject.com/route/105868530/west-pole,3,"West Virginia > Seneca Rocks > South Peak - West Face > South Peak West Face (Main Area)",3.7,-1,Lead,Redpoint,Trad,,220,1900
2025-03-08,"Devil in the White House",5.10c/d,,https://www.mountainproject.com/route/106955638/devil-in-the-white-house,1,"North Carolina > 3. Piedmont Region > Pilot Mountain > 10. Devil in the White House",3.2,-1,Lead,Redpoint,Sport,,60,3400
2025-03-08,Silhouette,5.9,"Pretty fun adventurey sport climb!",https://www.mountainproject.com/route/122418415/silhouette,1,"North Carolina > 3. Piedmont Region > Pilot Mountain > 11.  Fear of Flying",2.7,-1,Lead,Onsight,Sport,,85,2400
2025-03-08,"Man Overboard",5.10c,"Still schweet",https://www.mountainproject.com/route/108296164/man-overboard,1,"North Carolina > 3. Piedmont Region > Pilot Mountain > 12. Big Arete",2.5,-1,Lead,Redpoint,Sport,,70,3200
2025-02-06,Kakaroots,5.9,"W/ Kim. Started at ~6:30 just before sunset and got back to the base at 9",https://www.mountainproject.com/route/200408777/kakaroots,3,"International > South America > Brazil > Rio de Janeiro > Cantagalo",3.0,4,Lead,Redpoint,Sport,5.9,250,2400
2025-02-02,Costao,5.7,"With Kim. A very curious marmoset trying to sneak into our bag for a sammie",https://www.mountainproject.com/route/107546351/costao,1,"International > South America > Brazil > Rio de Janeiro > Urca (Pao de Acucar area) > Pao de Acucar (Sugarloaf)",3.1,-1,Lead,Redpoint,Sport,,1000,1800
2025-02-02,Coringa,5.6,"With Kim for her first ever climb! Legendary. Suuuuper hot for the first two pitches though ",https://www.mountainproject.com/route/107546334/coringa,4,"International > South America > Brazil > Rio de Janeiro > Urca (Pao de Acucar area) > Pao de Acucar (Sugarloaf)",2.9,-1,Lead,Redpoint,Sport,,330,1600
2025-02-01,"Ovos Na Chapa",5.9,"Led P1, followed P2 w/ Henrique. Got spooked by gathering clouds so we skipped town. Weirdly felt most sketched out on this climb out of all my climbing on this trip so far! Damn friction slab, man",https://www.mountainproject.com/route/200446767/ovos-na-chapa,2,"International > South America > Brazil > Rio de Janeiro > Morro Dona Marta",3.0,3,Lead,Onsight,Trad,5.9,735,2400
2025-02-01,"Fissura Esquecida",5.10a,"So fun!! The nut in the flake halfway up was way better than I thought; didn&#39;t even pull out when I lowered *shock and awe*",https://www.mountainproject.com/route/200446659/fissura-esquecida,1,"International > South America > Brazil > Rio de Janeiro > Morro Dona Marta",4.0,4,Lead,Onsight,Trad,5.10a,100,2600
2025-01-31,"Passagem dos Olhos",5.8,"LRS with revo. Linked pitches 2&3. Learned some tricks for LRS traversing! Saw a fox briefly on the approach trail from pitch 2 so cute. Beautiful setting!! 6h13m gate to gate, and I took several long snack breaks!",https://www.mountainproject.com/route/200443287/passagem-dos-olhos,11,"International > South America > Brazil > Rio de Janeiro > Pedra da Gávea > Cabeça Imperador",4.0,4,Lead,Onsight,Sport,5.8,475,2100
2025-01-30,"Inversão Feminina",5.7,"TR solo. No falls",https://www.mountainproject.com/route/200440945/inversao-feminina,1,"International > South America > Brazil > Rio de Janeiro > Urca (Pao de Acucar area) > Praia Vermelha Boulders & Bolted Highballs > Graalzinho",2.0,2,TR,,Sport,5.7,45,1800
2025-01-30,"Via do Crico",5.8,"TR solo. No falls ",https://www.mountainproject.com/route/200440933/via-do-crico,1,"International > South America > Brazil > Rio de Janeiro > Urca (Pao de Acucar area) > Praia Vermelha Boulders & Bolted Highballs > Graalzinho",4.0,4,TR,,Sport,5.8,45,2100
2025-01-30,Rapunzel,5.9,"TR solo. No falls",https://www.mountainproject.com/route/200440913/rapunzel,1,"International > South America > Brazil > Rio de Janeiro > Urca (Pao de Acucar area) > Praia Vermelha Boulders & Bolted Highballs > Graalzinho",2.0,2,TR,,Sport,5.9,35,2400
2025-01-30,"Para os Baixinhos",5.9,"TR solo. No falls",https://www.mountainproject.com/route/200440901/para-os-baixinhos,1,"International > South America > Brazil > Rio de Janeiro > Urca (Pao de Acucar area) > Praia Vermelha Boulders & Bolted Highballs > Graalzinho",3.0,3,TR,,Sport,5.9,35,2400
2025-01-30,"Formiga Atômica",5.6,"TR solo. No falls ",https://www.mountainproject.com/route/200440881/formiga-atomica,1,"International > South America > Brazil > Rio de Janeiro > Urca (Pao de Acucar area) > Praia Vermelha Boulders & Bolted Highballs > Graalzinho",2.0,2,TR,,Sport,5.6,45,1600
2025-01-30,Graalzinho,5.5,"LRS with revo. ",https://www.mountainproject.com/route/200440869/graalzinho,1,"International > South America > Brazil > Rio de Janeiro > Urca (Pao de Acucar area) > Praia Vermelha Boulders & Bolted Highballs > Graalzinho",2.0,2,Lead,Redpoint,Sport,5.5,45,1500
2025-01-29,Infravermelho,5.6,"LRS with revo. Got rained off at the top of P1 by a lightning storm. Still worth it!",https://www.mountainproject.com/route/200438295/infravermelho,1,"International > South America > Brazil > Rio de Janeiro > Urca (Pao de Acucar area) > Morro da Urca > Face Sul (South Face)",4.0,4,Lead,Onsight,Trad,5.6,310,1600
2025-01-23,Costao,5.7,"Guided Sigrid",https://www.mountainproject.com/route/107546351/costao,1,"International > South America > Brazil > Rio de Janeiro > Urca (Pao de Acucar area) > Pao de Acucar (Sugarloaf)",3.1,-1,Lead,Redpoint,Sport,,1000,1800
2025-01-23,Coringa,5.6,"Guided Sigrid",https://www.mountainproject.com/route/107546334/coringa,4,"International > South America > Brazil > Rio de Janeiro > Urca (Pao de Acucar area) > Pao de Acucar (Sugarloaf)",2.9,-1,Lead,Redpoint,Sport,,330,1600
2025-01-20,Kakaroots,5.9,"LRS w/ revo. Started 15 minutes before sunset to beat the heat, climbed most of it in the dark by headlamp. Crossed paths with two women rapping down as I was finishing up P1. Rigged P3 to rap after leading it so I didn&#39;t have to reclimb. Beautiful views of the city the whole way up!",https://www.mountainproject.com/route/200408777/kakaroots,5,"International > South America > Brazil > Rio de Janeiro > Cantagalo",3.0,4,Lead,Onsight,Sport,5.9,250,2400
2025-01-18,CERJ,"5.9 PG13","Swung leads with Henrique, I took evens plus the 9th pitch. Had to traverse a water streak twice on the crux pitch! Such an incredible climb, absolute classic!! Followed the A0 pitch, but got it clean. Would love to come back and lead odds to lead the 5.10 pitch too. 6 hours base to summit ",https://www.mountainproject.com/route/122909655/cerj,9,"International > South America > Brazil > Rio de Janeiro > Salinas / Três Picos > Capacete",4.0,4,Lead,Onsight,Trad,,1312,2400
2025-01-17,K3,5.10d,"Proud onsight! Was seriously touch and go through the crux. Absolutely incredible movement! W/ Johannes. ",https://www.mountainproject.com/route/200395793/k3,1,"International > South America > Brazil > Rio de Janeiro > Corcovado > East Face",4.0,4,Lead,Onsight,Trad,5.10d,100,3500
2025-01-17,K2,"5.9- PG13","Sick climb! Skipped P2 to do K3 instead ",https://www.mountainproject.com/route/108582866/k2,4,"International > South America > Brazil > Rio de Janeiro > Corcovado > East Face",3.6,-1,Lead,Redpoint,Trad,,500,2300
2025-01-14,"Via dos Italianos",5.10a/b,"LRS w/ revo. Did italianos to where it meets CEPI in two pitches and two hours. Took a snack break and it started raining so I took CEPI to the summit :( no french freeing on the follow pitches though! ",https://www.mountainproject.com/route/107546273/via-dos-italianos,4,"International > South America > Brazil > Rio de Janeiro > Urca (Pao de Acucar area) > Pao de Acucar (Sugarloaf)",3.8,-1,Lead,Redpoint,Sport,,700,2800
2025-01-11,"Waldemar Guimaraes (Waldo)","5.11+ PG13","Led pitches 2 & 3 w/ Henrique. Sick climb!! I feel like I got the money pitches. Rapped Segundo to leave. ",https://www.mountainproject.com/route/107546232/waldemar-guimaraes-waldo,4,"International > South America > Brazil > Rio de Janeiro > Urca (Pao de Acucar area) > Pao de Acucar (Sugarloaf)",3.8,4,Lead,Onsight,"Trad, Sport","5.11+ PG13",1000,5300
2025-01-10,"5.5 sport",5.5,"CEPI via on the Sugarloaf. LRS with revo for most of it, then just daisy soloed the rest. Got a blister on my hand from all the hauling on cable ",https://www.mountainproject.com/route/119629029/55-sport,9,"* In Progress > Generic Area",1.9,-1,Lead,Onsight,Sport,,,1500
2025-01-07,Costao,5.7,"Soloed everything, clipped one bolt through the technical section with a double length sling",https://www.mountainproject.com/route/107546351/costao,1,"International > South America > Brazil > Rio de Janeiro > Urca (Pao de Acucar area) > Pao de Acucar (Sugarloaf)",3.1,-1,Solo,,Sport,,1000,1800
2025-01-07,Coringa,5.6,"LRS with revo. Mosquitoes were HORRIBLE for the first pitch, probably because it rained overnight. Otherwise pretty sweet! ",https://www.mountainproject.com/route/107546334/coringa,6,"International > South America > Brazil > Rio de Janeiro > Urca (Pao de Acucar area) > Pao de Acucar (Sugarloaf)",2.9,-1,Lead,Onsight,Sport,,330,1600
2025-01-05,Costao,5.7,"Soloed everything, then TR'd the technical portion bc I arrived right when a guided party was finishing up, so they threw a rope down and I tied it round my waist and ran up the thing. Will have to do it again because I didn't find the pedra filosofia ",https://www.mountainproject.com/route/107546351/costao,1,"International > South America > Brazil > Rio de Janeiro > Urca (Pao de Acucar area) > Pao de Acucar (Sugarloaf)",3.1,-1,TR,,Sport,,1000,1800
2025-01-03,"Preto (with Rubro Negro var)",5.7,"LRS with revo. 
Got lost after the Rubro Negro crack and did a 55m pitch all the way to the top. Kinda sketch way up there! Had to bushwhack through hella dense bamboo to get out, totally nackered ",https://www.mountainproject.com/route/200348182/preto-with-rubro-negro-var,4,"International > South America > Brazil > Rio de Janeiro > Urca (Pao de Acucar area) > Morro da Urca > Face Sul (South Face)",2.0,2,Lead,Onsight,Trad,5.7,400,1800
2024-10-25,"Old Man's Route",5.2,"Soloed to the last pitch, then LRS w/ Grigri",https://www.mountainproject.com/route/105917543/old-mans-route,4,"West Virginia > Seneca Rocks > South Peak - West Face > South Peak West Face (Main Area)",2.7,-1,Lead,Redpoint,Trad,,,1200
2024-10-25,Agony,5.10b,"TR soloed after trundling the death block low on the route",https://www.mountainproject.com/route/105910403/agony,2,"West Virginia > Seneca Rocks > South Peak - West Face > South Peak West Face (Main Area)",3.6,-1,TR,,Trad,,200,2900
2024-10-24,"Bee Sting Corner",5.7,"TR solo w/ approach shoes no falls. Nice line!",https://www.mountainproject.com/route/107265681/bee-sting-corner,1,"West Virginia > Seneca Rocks > South Peak - East Face > Southeast Corner",3.2,-1,TR,,Trad,,75,1800
2024-10-24,"Dufty's Popoff","5.7 PG13","TR solo w/ approach shoes. Still so fun!",https://www.mountainproject.com/route/107265652/duftys-popoff,1,"West Virginia > Seneca Rocks > South Peak - East Face > Southeast Corner",3.5,-1,TR,,Trad,,130,1800
2024-10-24,"Worrell's Thicket",5.0,"Access to lower broadway",https://www.mountainproject.com/route/110726960/worrells-thicket,2,"West Virginia > Seneca Rocks > South Peak - East Face > Southeast Corner",2.0,-1,Solo,,Trad,,160,1000
2024-10-24,"Gert's Grungy Gulley",5.4,"Guided my oldest client yet at 81! First time on the upper pitches",https://www.mountainproject.com/route/110715086/gerts-grungy-gulley,4,"West Virginia > Seneca Rocks > South Peak - West Face > Southwest Corner",1.6,-1,Lead,Onsight,Trad,,150,1400
2024-10-22,"Gunsight to South Peak Direct",5.4,"Guiding to set up silks from a highline across the notch. Two pitches from upper broadway to the highline anchor.",https://www.mountainproject.com/route/105924159/gunsight-to-south-peak-direct,2,"West Virginia > Seneca Rocks > South Peak - West Face > South Peak West Face (Main Area)",3.8,-1,Lead,Flash,Trad,,150,1400
2024-10-21,"5.10b trad",5.10b,"Stone Gallows at NRocks. Led P1 and P2, Chris led a short P3 to get to the top of the headwall. SO SICK. Super sandbagged at 10b though",https://www.mountainproject.com/route/112169056/510b-trad,3,"* In Progress > Generic Area",3.3,-1,Lead,Onsight,Trad,,,2900
2024-10-18,"Critter Crack",5.6,Guiding,https://www.mountainproject.com/route/105917534/critter-crack,1,"West Virginia > Seneca Rocks > South Peak - West Face > South Peak West Face (Main Area)",3.4,-1,Lead,Redpoint,Trad,,80,1600
2024-10-18,"Front C",5.6,Guiding,https://www.mountainproject.com/route/105917531/front-c,1,"West Virginia > Seneca Rocks > South Peak - West Face > South Peak West Face (Main Area)",2.7,-1,Lead,Flash,Trad,,50,1600
2024-10-18,"Le Gourmet",5.4,"Guiding. Just P1 and P3",https://www.mountainproject.com/route/106729354/le-gourmet,2,"West Virginia > Seneca Rocks > South Peak - West Face > South Peak West Face (Main Area)",2.7,-1,Lead,Redpoint,Trad,,285,1400
2024-10-17,"Gunsight to South Peak",5.4,Guiding,https://www.mountainproject.com/route/105924140/gunsight-to-south-peak,4,"West Virginia > Seneca Rocks > South Peak - West Face > South Peak West Face (Main Area)",3.7,-1,Lead,Redpoint,Trad,,150,1400
2024-10-17,"Skyline Traverse",5.3,"Guiding. Client bootied a fixed nut!",https://www.mountainproject.com/route/105917259/skyline-traverse,3,"West Virginia > Seneca Rocks > South Peak - East Face > Southeast Corner",2.9,-1,Lead,Redpoint,Trad,,,1300
2024-10-16,"Roy Gap Chimney's",5.6,"Guiding. Just P1",https://www.mountainproject.com/route/105996084/roy-gap-chimneys,1,"West Virginia > Seneca Rocks > Southern Pillar > Southern Pillar - West Side",2.6,-1,Lead,Redpoint,Trad,,220,1600
2024-10-12,"Windy Corner",5.4,"Holy rope drag for my followers on this one",https://www.mountainproject.com/route/106587131/windy-corner,1,"West Virginia > Seneca Rocks > South Peak - East Face > Cockscomb East Face",2.7,-1,Lead,Onsight,Trad,,80,1400
2024-10-12,"Old Ladies Route",5.2,"Longest day ever :o",https://www.mountainproject.com/route/106587097/old-ladies-route,2,"West Virginia > Seneca Rocks > South Peak - West Face > South Peak West Face (Main Area)",2.7,-1,Lead,Redpoint,Trad,,,1200
2024-10-07,"Gunsight to South Peak",5.4,Guiding,https://www.mountainproject.com/route/105924140/gunsight-to-south-peak,3,"West Virginia > Seneca Rocks > South Peak - West Face > South Peak West Face (Main Area)",3.7,-1,Lead,Redpoint,Trad,,150,1400
2024-10-07,"Skyline Traverse",5.3,Guiding,https://www.mountainproject.com/route/105917259/skyline-traverse,2,"West Virginia > Seneca Rocks > South Peak - East Face > Southeast Corner",2.9,-1,Lead,Redpoint,Trad,,,1300
2024-10-07,"Lower Skyline Direct (LSD)",5.5,Guiding,https://www.mountainproject.com/route/107333048/lower-skyline-direct-lsd,2,"West Virginia > Seneca Rocks > South End",2.1,-1,Lead,Redpoint,Trad,,120,1500
2024-09-26,"Old Man's Route",5.2,"Guiding. Rainy day!",https://www.mountainproject.com/route/105917543/old-mans-route,4,"West Virginia > Seneca Rocks > South Peak - West Face > South Peak West Face (Main Area)",2.7,-1,Lead,Redpoint,Trad,,,1200
2024-09-22,"Skyline Traverse",5.3,"TR soloed the last pitch on a booty run",https://www.mountainproject.com/route/105917259/skyline-traverse,1,"West Virginia > Seneca Rocks > South Peak - East Face > Southeast Corner",2.9,-1,TR,,Trad,,,1300
2024-09-22,"Old Man's Route",5.2,"TR soloed the last pitch on a stuck rope on the traffic jam rap",https://www.mountainproject.com/route/105917543/old-mans-route,3,"West Virginia > Seneca Rocks > South Peak - West Face > South Peak West Face (Main Area)",2.7,-1,Solo,,Trad,,,1200
2024-09-21,Totem,5.11a,"Guiding. +2 TR pitches to anchor stuff and clean",https://www.mountainproject.com/route/106243771/totem,3,"West Virginia > Seneca Rocks > South End",2.9,-1,Lead,Redpoint,Trad,,280,4600
2024-09-20,"Neck Press",5.7,"LRS w/ Revo. Sick climb, awesome movement throughout! Don't dodge the off width/chimney on P2 by going right to those flakes, the pro is garbage and there's a wonderful hidden hand crack if you go straight up. P3 is well worth it, should be climbed more. ",https://www.mountainproject.com/route/106456586/neck-press,6,"West Virginia > Seneca Rocks > South Peak - West Face > South Peak West Face (Main Area)",2.9,-1,Lead,Onsight,Trad,,200,1800
2024-09-20,Prune,5.7,"LRS w/ Revo. Just the last two pitches, linked them together into a rope stretcher 40m pitch! Pitch 3 was sweet, took the direct var. ",https://www.mountainproject.com/route/106267363/prune,2,"West Virginia > Seneca Rocks > South Peak - West Face > South Peak West Face (Main Area)",2.9,-1,Lead,Onsight,Trad,,320,1800
2024-09-19,"La Bella Vista",5.10-,"Followed Matt on P1 and led P2. Rowdy!! Climbed into the sunset and saw a bald eagle fly through Roy gap from the top of P2 ",https://www.mountainproject.com/route/110598616/la-bella-vista,2,"West Virginia > Seneca Rocks > South End",3.1,4,Lead,Onsight,Trad,,160,2700
2024-09-16,"Old Ladies Route",5.2,"With Joe!",https://www.mountainproject.com/route/106587097/old-ladies-route,3,"West Virginia > Seneca Rocks > South Peak - West Face > South Peak West Face (Main Area)",2.7,-1,Lead,Redpoint,Trad,,,1200
2024-09-16,"Traffic Jam",5.7+,"Sick climb! One TR pitch to clean since Joe couldn't get up it. TR pitch I didn't use the back wall or the arete for fun",https://www.mountainproject.com/route/105917539/traffic-jam,2,"West Virginia > Seneca Rocks > South Peak - West Face > South Peak West Face (Main Area)",3.3,-1,Lead,Onsight,Trad,,60,1900
2024-09-15,"5.7 trad",5.7,"Millennium at NRocks W/ Mack. Linked first two pitches (EZ Wider). Barely beat the 9am via! Flying squirrel nest in the last pitch crack, disturbed the poor dudes nap",https://www.mountainproject.com/route/112166285/57-trad,7,"* In Progress > Generic Area",3.0,-1,Lead,Redpoint,Trad,,,1800
2024-09-12,"Green Wall",5.7,Guiding,https://www.mountainproject.com/route/105917255/green-wall,3,"West Virginia > Seneca Rocks > South Peak - West Face > South Peak West Face (Main Area)",3.4,-1,Lead,Redpoint,Trad,,,1800
2024-09-12,"Ecstasy Junior",5.4,Guiding,https://www.mountainproject.com/route/106044673/ecstasy-junior,2,"West Virginia > Seneca Rocks > South Peak - West Face > Southwest Corner",2.9,-1,Lead,Redpoint,Trad,,160,1400
2024-09-11,"Conn's West",5.4,Guiding,https://www.mountainproject.com/route/105977724/conns-west,3,"West Virginia > Seneca Rocks > South Peak - West Face > South Peak West Face (Main Area)",2.9,-1,Lead,Redpoint,Trad,,200,1400
2024-09-10,"Old Man's Route",5.2,"Guiding. Just the last two pitches after rapping Conn's",https://www.mountainproject.com/route/105917543/old-mans-route,2,"West Virginia > Seneca Rocks > South Peak - West Face > South Peak West Face (Main Area)",2.7,-1,Lead,Redpoint,Trad,,,1200
2024-09-10,"Gunsight to South Peak",5.4,Guiding,https://www.mountainproject.com/route/105924140/gunsight-to-south-peak,3,"West Virginia > Seneca Rocks > South Peak - West Face > South Peak West Face (Main Area)",3.7,-1,Lead,Redpoint,Trad,,150,1400
2024-09-10,"Worrell's Thicket",5.0,Guiding,https://www.mountainproject.com/route/110726960/worrells-thicket,2,"West Virginia > Seneca Rocks > South Peak - East Face > Southeast Corner",2.0,-1,Lead,Redpoint,Trad,,160,1000
2024-09-08,"Gunsight To North Peak",5.0,"Chill scramble day",https://www.mountainproject.com/route/112834382/gunsight-to-north-peak,4,"West Virginia > Seneca Rocks > North Peak - East Face",1.8,-1,Solo,,Trad,,500,1000
2024-09-08,"Worrell's Thicket",5.0,"Chill scramble day",https://www.mountainproject.com/route/110726960/worrells-thicket,2,"West Virginia > Seneca Rocks > South Peak - East Face > Southeast Corner",2.0,-1,Solo,,Trad,,160,1000
2024-09-06,"Old Man's Route",5.2,"Carrying up the portaledge to sleep from the orange aid anchors!",https://www.mountainproject.com/route/105917543/old-mans-route,3,"West Virginia > Seneca Rocks > South Peak - West Face > South Peak West Face (Main Area)",2.7,-1,Lead,Redpoint,Trad,,,1200
2024-09-05,"Old Man's Route",5.2,Guiding,https://www.mountainproject.com/route/105917543/old-mans-route,4,"West Virginia > Seneca Rocks > South Peak - West Face > South Peak West Face (Main Area)",2.7,-1,Lead,Redpoint,Trad,,,1200
2024-09-02,"5.10a sport",5.10a,"Sirius at nrocks. Went the wrong way at the first bolt, then hung out to booty a piton",https://www.mountainproject.com/route/112166313/510a-sport,1,"* In Progress > Generic Area",2.6,-1,Lead,Fell/Hung,Sport,,,2600
2024-09-02,Crescendo,5.10a,"Aid rope solo with Revo. Get a connect adjust, they're awesome. 1h6m",https://www.mountainproject.com/route/112197296/crescendo,1,"West Virginia > Eastern WV > Nelson Rocks > West Face, East Fin > Crescendo Wall",3.5,4,TR,,Trad,,120,2600
2024-08-31,Totem,5.11a,"Just P1 to set up a top rope +1 tr pitch to clean. Guiding",https://www.mountainproject.com/route/106243771/totem,2,"West Virginia > Seneca Rocks > South End",2.9,-1,Lead,Redpoint,Trad,,280,4600
2024-08-28,Mushrooms,5.10-,"One TR lap to clean",https://www.mountainproject.com/route/106064720/mushrooms,1,"West Virginia > The New River Gorge Region > New River Gorge Proper > Beauty Mountain > 7) Thunder Buttress",2.8,4,TR,,Trad,,60,2700
2024-08-28,Mushrooms,5.10-,"Fell in the first 8 feet, lowered then got the red point! Dope route, deserves more traffic. On mushrooms ",https://www.mountainproject.com/route/106064720/mushrooms,1,"West Virginia > The New River Gorge Region > New River Gorge Proper > Beauty Mountain > 7) Thunder Buttress",2.8,4,Lead,Redpoint,Trad,,60,2700
2024-08-28,"Screamer Crack",5.8,"Foot slipped and I fell a few feet to the deck before I placed in that first horizontal. Good route though, albeit a tad slippery! You'll want two fives and two fours if you want to avoid bumping almost the whole way",https://www.mountainproject.com/route/105951037/screamer-crack,1,"West Virginia > The New River Gorge Region > New River Gorge Proper > Beauty Mountain > 7) Thunder Buttress",2.7,-1,Lead,Redpoint,Trad,,80,2100
2024-08-27,"Decameron, The",5.10b,,https://www.mountainproject.com/route/106184767/decameron-the,1,"West Virginia > The New River Gorge Region > New River Gorge Proper > Bubba City > 01. Sandstonia",3.6,4,Lead,Onsight,Sport,,90,2900
2024-08-27,Kinesthetica,5.10c,"So sick!!",https://www.mountainproject.com/route/105987545/kinesthetica,1,"West Virginia > The New River Gorge Region > New River Gorge Proper > Bubba City > 01. Sandstonia",3.6,4,Lead,Onsight,Sport,,90,3200
2024-08-27,"Mrs. Field's Follies",5.8,,https://www.mountainproject.com/route/106138609/mrs-fields-follies,1,"West Virginia > The New River Gorge Region > New River Gorge Proper > Bubba City > 01. Sandstonia",3.5,-1,Lead,Onsight,Sport,,95,2100
2024-08-27,"Geisha Girl",5.8,,https://www.mountainproject.com/route/106138127/geisha-girl,1,"West Virginia > The New River Gorge Region > New River Gorge Proper > Bubba City > 01. Sandstonia",3.2,-1,Lead,Onsight,Sport,,95,2100
2024-08-26,Narcissus,5.12a,"About the same as ever ",https://www.mountainproject.com/route/105918466/narcissus,1,"West Virginia > The New River Gorge Region > Summersville (Gauley River) Area > Summersville Lake (main) > Narcissus Cave",3.6,-1,Lead,Fell/Hung,Sport,,55,6600
2024-08-26,"Satisfaction Guaranteed",5.11a/b,"Fell where the holds start getting small again after the roof. Failed the enduro crux! Proud to have gotten there clean though, the technical crux was tricky",https://www.mountainproject.com/route/105918469/satisfaction-guaranteed,1,"West Virginia > The New River Gorge Region > Summersville (Gauley River) Area > Summersville Lake (main) > The Satisfaction Wall",3.8,-1,Lead,Fell/Hung,Sport,,65,4800
2024-08-26,"Lickety Split",5.9,"W/ John Michael, Mack, and Zia. Stiff for a 9",https://www.mountainproject.com/route/106386738/lickety-split,1,"West Virginia > The New River Gorge Region > Summersville (Gauley River) Area > Summersville Lake (main) > The Satisfaction Wall",2.7,3,Lead,Onsight,Sport,,60,2400
2024-08-21,34D,5.10b,"W/ John Michael. Tricky crux for 10b",https://www.mountainproject.com/route/121676392/34d,1,"West Virginia > Eastern WV > Nelson Rocks > West Face, East Fin > 34D Wall",2.0,2,Lead,Onsight,Sport,,,2900
2024-08-21,Crescendo,5.10a,"Linked both pitches. Sick climb, lives up to the hype! I liked having my #3 but you could definitely get away with leaving it at home. W/ John Michael",https://www.mountainproject.com/route/112197296/crescendo,1,"West Virginia > Eastern WV > Nelson Rocks > West Face, East Fin > Crescendo Wall",3.5,4,Lead,Onsight,Trad,,120,2600
2024-08-18,"Gunsight to South Peak",5.4,"LRS w/ Revo. One mega pitch with one follow",https://www.mountainproject.com/route/105924140/gunsight-to-south-peak,2,"West Virginia > Seneca Rocks > South Peak - West Face > South Peak West Face (Main Area)",3.7,-1,Lead,Redpoint,Trad,,150,1400
2024-08-18,"Rox Salt",5.6,"LRS w/ Revo",https://www.mountainproject.com/route/106060127/rox-salt,1,"West Virginia > Seneca Rocks > North Peak - East Face",2.5,-1,Lead,Onsight,Trad,,50,1600
2024-08-14,"Back to the Front",5.9,"W/ Mack. Sick climb!!",https://www.mountainproject.com/route/106032004/back-to-the-front,1,"West Virginia > Seneca Rocks > South Peak - West Face > South Peak West Face (Main Area)",3.7,-1,Lead,Redpoint,Trad,,100,2400
2024-08-14,Prune,5.7,"W/ Mack. Just P2 after doing Seneca Daze.",https://www.mountainproject.com/route/106267363/prune,1,"West Virginia > Seneca Rocks > South Peak - West Face > South Peak West Face (Main Area)",2.9,-1,Lead,Redpoint,Trad,,320,1800
2024-08-14,"Seneca Daze","5.7 PG13","W/ Mack. Linked this into P2 of Prune, should have done them as two pitches though",https://www.mountainproject.com/route/106522965/seneca-daze,1,"West Virginia > Seneca Rocks > South Peak - West Face > South Peak West Face (Main Area)",2.3,-1,Lead,Onsight,Sport,,75,1800
2024-08-13,"Rear Entry",5.8,"Sick climb! Super good movement through the face section, the rock through the roof felt a little suspect. Would sooner to Dufty's Popoff again",https://www.mountainproject.com/route/107386812/rear-entry,1,"West Virginia > Seneca Rocks > South Peak - East Face > Southeast Corner",3.2,-1,Lead,Onsight,"Trad, Sport",,125,2100
2024-08-13,"Skyline Traverse",5.3,"W/ John Michael. Just P1 to get to rear entry",https://www.mountainproject.com/route/105917259/skyline-traverse,1,"West Virginia > Seneca Rocks > South Peak - East Face > Southeast Corner",2.9,-1,Lead,Redpoint,Trad,,,1300
2024-08-12,"Old Man's Route",5.2,"W/ Jack. Booty run. Found a wiregate on the traverse pitch. Led the whole thing with the grabber hanging off me!",https://www.mountainproject.com/route/105917543/old-mans-route,3,"West Virginia > Seneca Rocks > South Peak - West Face > South Peak West Face (Main Area)",2.7,-1,Lead,Redpoint,Trad,,,1200
2024-08-12,"Skyline Traverse",5.3,"W/ Jack. Booty run with the grabber",https://www.mountainproject.com/route/105917259/skyline-traverse,3,"West Virginia > Seneca Rocks > South Peak - East Face > Southeast Corner",2.9,-1,Lead,Redpoint,Trad,,,1300
2024-08-04,"Roy Gap Chimney's",5.6,"Led P1 to set up a TR. Guiding",https://www.mountainproject.com/route/105996084/roy-gap-chimneys,1,"West Virginia > Seneca Rocks > Southern Pillar > Southern Pillar - West Side",2.6,-1,Lead,Redpoint,Trad,,220,1600
2024-08-04,"The Burn",5.8,"TR to clean. Guiding",https://www.mountainproject.com/route/105910394/the-burn,1,"West Virginia > Seneca Rocks > South Peak - West Face > Southwest Corner",3.2,-1,TR,,Trad,,150,2100
2024-08-04,Totem,5.11a,"LRS w/ revo. Guiding",https://www.mountainproject.com/route/106243771/totem,1,"West Virginia > Seneca Rocks > South End",2.9,-1,Lead,Redpoint,Trad,,280,4600
2024-08-03,"5.10c sport",5.10c,"Never Say Never at nrocks",https://www.mountainproject.com/route/112166317/510c-sport,1,"* In Progress > Generic Area",2.6,-1,TR,,Sport,,,3200
2024-08-03,"5.10a sport",5.10a,"License to Drill at nrocks.",https://www.mountainproject.com/route/112166313/510a-sport,1,"* In Progress > Generic Area",2.6,-1,Lead,Redpoint,Sport,,,2600
2024-08-03,"5.10b sport",5.10b,"Flying Bunghole at nrocks. Finding the bunghole made pulling the roof a breeze! +1 pitch to TR for fun",https://www.mountainproject.com/route/112166299/510b-sport,2,"* In Progress > Generic Area",2.8,-1,Lead,Onsight,Sport,,,2900
2024-08-03,"5.10a sport",5.10a,"Lifers at nrocks",https://www.mountainproject.com/route/112166313/510a-sport,1,"* In Progress > Generic Area",2.6,-1,Lead,Onsight,Sport,,,2600
2024-08-02,"Thais - Variation Thais Escape",5.5,Guiding,https://www.mountainproject.com/route/110715691/thais-variation-thais-escape,1,"West Virginia > Seneca Rocks > South Peak - West Face > South Peak West Face (Main Area)",2.0,-1,Lead,Redpoint,Trad,,40,1500
2024-08-02,Thais,5.6,"Guiding. Much smoother transitions",https://www.mountainproject.com/route/106000377/thais,2,"West Virginia > Seneca Rocks > South Peak - West Face > South Peak West Face (Main Area)",2.7,-1,Lead,Redpoint,Trad,,300,1600
2024-08-01,"Ecstasy Junior",5.4,Guiding,https://www.mountainproject.com/route/106044673/ecstasy-junior,2,"West Virginia > Seneca Rocks > South Peak - West Face > Southwest Corner",2.9,-1,Lead,Redpoint,Trad,,160,1400
2024-08-01,"Conn's West",5.4,"Guiding, shouldn't have done the third pitch",https://www.mountainproject.com/route/105977724/conns-west,3,"West Virginia > Seneca Rocks > South Peak - West Face > South Peak West Face (Main Area)",2.9,-1,Lead,Redpoint,Trad,,200,1400
2024-07-31,Totem,5.11a,"TR just pitch 1 to clean. Guiding",https://www.mountainproject.com/route/106243771/totem,1,"West Virginia > Seneca Rocks > South End",2.9,-1,TR,,Trad,,280,4600
2024-07-31,"Wild Men Only","5.10 PG13","LRS w/ Revo. Just pitch 1 to set up a TR. Guiding",https://www.mountainproject.com/route/110593810/wild-men-only,1,"West Virginia > Seneca Rocks > South End",2.5,-1,Lead,Onsight,Trad,,315,3000
2024-07-30,"Lower Skyline Direct (LSD)",5.5,"LRS w/ Revo. One pitch to the skyline anchors + 1 to follow. Pro on the corner is super sus. Was this corner really Bella Vista Lotus Var?",https://www.mountainproject.com/route/107333048/lower-skyline-direct-lsd,2,"West Virginia > Seneca Rocks > South End",2.1,-1,Lead,Redpoint,Trad,,120,1500
2024-07-30,"Dufty's Popoff","5.7 PG13","LRS w/ Revo. Lives up to the hype, it was dope!! Great pro throughout too",https://www.mountainproject.com/route/107265652/duftys-popoff,2,"West Virginia > Seneca Rocks > South Peak - East Face > Southeast Corner",3.5,-1,Lead,,Trad,,130,1800
2024-07-29,"The Burn",5.8,"Guiding. TR to clean",https://www.mountainproject.com/route/105910394/the-burn,1,"West Virginia > Seneca Rocks > South Peak - West Face > Southwest Corner",3.2,-1,TR,,Trad,,150,2100
2024-07-29,"Candy Corner",5.6,Guiding,https://www.mountainproject.com/route/106064534/candy-corner,1,"West Virginia > Seneca Rocks > South End",3.1,-1,Lead,Redpoint,Trad,,95,1600
2024-07-25,Totem,5.11a,"W/ Tom Cronin. Led the crux roof, fuckin gnarly!",https://www.mountainproject.com/route/106243771/totem,3,"West Virginia > Seneca Rocks > South End",2.9,-1,Lead,Fell/Hung,Trad,,280,4600
2024-07-24,"Lower Skyline Direct (LSD)",5.5,"Explored starting near the base of Candy Corner ending at the normal start for Skyline",https://www.mountainproject.com/route/107333048/lower-skyline-direct-lsd,1,"West Virginia > Seneca Rocks > South End",2.1,-1,Solo,,Trad,,120,1500
2024-07-24,Totem,5.11a,"Guiding. LRS with Revo. Just P1.",https://www.mountainproject.com/route/106243771/totem,1,"West Virginia > Seneca Rocks > South End",2.9,-1,Lead,,Trad,,280,4600
2024-07-22,Totem,5.11a,Guiding,https://www.mountainproject.com/route/106243771/totem,1,"West Virginia > Seneca Rocks > South End",2.9,-1,Lead,Redpoint,Trad,,280,4600
2024-07-20,"The Burn",5.8,"TR to clean",https://www.mountainproject.com/route/105910394/the-burn,1,"West Virginia > Seneca Rocks > South Peak - West Face > Southwest Corner",3.2,-1,TR,,Trad,,150,2100
2024-07-20,Totem,5.11a,"TR to clean",https://www.mountainproject.com/route/106243771/totem,1,"West Virginia > Seneca Rocks > South End",2.9,-1,TR,,Trad,,280,4600
2024-07-20,Totem,5.11a,Guiding,https://www.mountainproject.com/route/106243771/totem,1,"West Virginia > Seneca Rocks > South End",2.9,-1,Lead,Redpoint,Trad,,280,4600
2024-07-18,"Conn's West",5.4,"Guiding. Phone rescue mission from the crack under the first summit rappel station. Success!",https://www.mountainproject.com/route/105977724/conns-west,3,"West Virginia > Seneca Rocks > South Peak - West Face > South Peak West Face (Main Area)",2.9,-1,Lead,Redpoint,Trad,,200,1400
2024-07-17,"Ye Gods & Little Fishes",5.8,"TR to tweak the anchor",https://www.mountainproject.com/route/106150218/ye-gods-little-fishes,1,"West Virginia > Seneca Rocks > South End",3.1,-1,TR,,Trad,,85,2100
2024-07-17,Totem,5.11a,Guiding,https://www.mountainproject.com/route/106243771/totem,1,"West Virginia > Seneca Rocks > South End",2.9,-1,Lead,Redpoint,Trad,,280,4600
2024-07-14,"5.10a sport",5.10a,"Kamikaze at NRocks. Approach shoe send to clean.",https://www.mountainproject.com/route/112166313/510a-sport,1,"* In Progress > Generic Area",2.6,-1,TR,,Sport,,,2600
2024-07-14,"5.10b sport",5.10b,"Dominion at NRocks. Approach shoe send",https://www.mountainproject.com/route/112166299/510b-sport,1,"* In Progress > Generic Area",2.8,-1,TR,,Sport,,,2900
2024-07-12,"Internal Dialogue",5.8,"Followed to clean. Dogs out!",https://www.mountainproject.com/route/112835499/internal-dialogue,1,"West Virginia > Eastern WV > Reeds Creek",2.7,-1,TR,,Sport,,55,2100
2024-07-12,"Internal Dialogue",5.8,,https://www.mountainproject.com/route/112835499/internal-dialogue,1,"West Virginia > Eastern WV > Reeds Creek",2.7,-1,Lead,Flash,Sport,,55,2100
2024-07-11,"Old Man's Route",5.2,Guiding,https://www.mountainproject.com/route/105917543/old-mans-route,4,"West Virginia > Seneca Rocks > South Peak - West Face > South Peak West Face (Main Area)",2.7,-1,Lead,Redpoint,Trad,,,1200
2024-07-10,"Roy Gap Chimney's",5.6,"Guided Cleo. Just P1",https://www.mountainproject.com/route/105996084/roy-gap-chimneys,1,"West Virginia > Seneca Rocks > Southern Pillar > Southern Pillar - West Side",2.6,-1,Lead,Redpoint,Trad,,220,1600
2024-07-10,"Conn's West",5.4,"Guided Cleo. ",https://www.mountainproject.com/route/105977724/conns-west,3,"West Virginia > Seneca Rocks > South Peak - West Face > South Peak West Face (Main Area)",2.9,-1,Lead,Redpoint,Trad,,200,1400
2024-07-09,"5.7 sport",5.7,"TRd the line above the road at Honey Hole for fun.",https://www.mountainproject.com/route/112166265/57-sport,1,"* In Progress > Generic Area",2.2,-1,TR,,Sport,,,1800
2024-07-09,"5.7 sport",5.7,"Super fun line above the road at Honey Hole. Super fun, good holds!",https://www.mountainproject.com/route/112166265/57-sport,1,"* In Progress > Generic Area",2.2,-1,Lead,Onsight,Sport,,,1800
2024-07-09,"5.10a sport",5.10a,"Same line from before at Honey Hole. You can dodge the big deadpoint, but why would you?",https://www.mountainproject.com/route/112166313/510a-sport,1,"* In Progress > Generic Area",2.6,-1,Lead,Redpoint,Sport,,,2600
2024-07-07,"Skyline Traverse",5.3,"Guiding. Just the last two pitches.",https://www.mountainproject.com/route/105917259/skyline-traverse,2,"West Virginia > Seneca Rocks > South Peak - East Face > Southeast Corner",2.9,-1,Lead,Redpoint,Trad,,,1300
2024-07-07,"Candy Corner",5.6,Guiding,https://www.mountainproject.com/route/106064534/candy-corner,1,"West Virginia > Seneca Rocks > South End",3.1,-1,Lead,Redpoint,Trad,,95,1600
2024-07-06,"Thais - Variation Thais Escape",5.5,Guiding,https://www.mountainproject.com/route/110715691/thais-variation-thais-escape,1,"West Virginia > Seneca Rocks > South Peak - West Face > South Peak West Face (Main Area)",2.0,-1,Lead,Onsight,Trad,,40,1500
2024-07-06,Thais,5.6,,https://www.mountainproject.com/route/106000377/thais,2,"West Virginia > Seneca Rocks > South Peak - West Face > South Peak West Face (Main Area)",2.7,-1,Lead,Redpoint,Trad,,300,1600
2024-06-25,"Triple S",5.8+,"Guided Mateo. Pulled on gear a couple times to get the job done",https://www.mountainproject.com/route/105908844/triple-s,1,"West Virginia > Seneca Rocks > South Peak - West Face > South Peak West Face (Main Area)",3.6,-1,Lead,Fell/Hung,Trad,,90,2200
2024-06-24,"Gunsight to South Peak",5.4,"W/ Chris and Mack",https://www.mountainproject.com/route/105924140/gunsight-to-south-peak,2,"West Virginia > Seneca Rocks > South Peak - West Face > South Peak West Face (Main Area)",3.7,-1,Lead,Redpoint,Trad,,150,1400
2024-06-24,"Critter Crack",5.6,"W/ Chris and Mack",https://www.mountainproject.com/route/105917534/critter-crack,1,"West Virginia > Seneca Rocks > South Peak - West Face > South Peak West Face (Main Area)",3.4,-1,Lead,Redpoint,Trad,,80,1600
2024-06-24,"Old Man's Route",5.2,"Led to the tree ledge then soloed to Critter. W/ Mack and Chris",https://www.mountainproject.com/route/105917543/old-mans-route,2,"West Virginia > Seneca Rocks > South Peak - West Face > South Peak West Face (Main Area)",2.7,-1,Lead,Redpoint,Trad,,,1200
2024-06-23,"5.10a sport",5.10a,"TRd a harder line below the anchors of the 5.8 at Honey Hole. Would go for a lead with a stick clip!",https://www.mountainproject.com/route/112166313/510a-sport,1,"* In Progress > Generic Area",2.6,-1,TR,,Sport,,,2600
2024-06-23,"5.8 sport",5.8,"A seriously dirty, diagonal line at honey hole. Fell on the finishing moves",https://www.mountainproject.com/route/112166269/58-sport,1,"* In Progress > Generic Area",2.6,-1,Lead,Fell/Hung,Sport,,,2100
2024-06-22,"EZ Wider",5.6,"Led just the first pitch to TR some clients.",https://www.mountainproject.com/route/107122622/ez-wider,1,"West Virginia > Eastern WV > Nelson Rocks > East Face, West Fin > 007 Wall",2.5,-1,Lead,Redpoint,Sport,,,1600
2024-06-21,"Pleasant Overhangs",5.7,"W/ John Michael. Pretty fun taking him up this!",https://www.mountainproject.com/route/106171582/pleasant-overhangs,3,"West Virginia > Seneca Rocks > South Peak - West Face > South Peak West Face (Main Area)",3.6,-1,Lead,Redpoint,Trad,,290,1800
2024-06-20,"Candy Corner",5.6,"Followed Chris",https://www.mountainproject.com/route/106064534/candy-corner,1,"West Virginia > Seneca Rocks > South End",3.1,-1,Follow,,Trad,,95,1600
2024-06-20,Ambush,5.11a,"Wooo!! TRd after to clean the gear",https://www.mountainproject.com/route/105868600/ambush,2,"West Virginia > Seneca Rocks > Southern Pillar > Southern Pillar - West Side",2.8,-1,Lead,Redpoint,Trad,,40,4600
2024-06-20,"Ecstasy Junior",5.4,"Followed Chris",https://www.mountainproject.com/route/106044673/ecstasy-junior,2,"West Virginia > Seneca Rocks > South Peak - West Face > Southwest Corner",2.9,-1,Follow,,Trad,,160,1400
2024-06-19,Totem,5.11a,"LRS w revo. Just pitch one to set a toprope for the children. +1 TR lap to clean",https://www.mountainproject.com/route/106243771/totem,2,"West Virginia > Seneca Rocks > South End",2.9,-1,Lead,Redpoint,Trad,,280,4600
2024-06-15,"Gunsight to South Peak",5.4,"Guided Joe and Bob(kinda) for a big Lebowski moment",https://www.mountainproject.com/route/105924140/gunsight-to-south-peak,3,"West Virginia > Seneca Rocks > South Peak - West Face > South Peak West Face (Main Area)",3.7,-1,Lead,Redpoint,Trad,,150,1400
2024-06-13,Predator,5.12a,"Found some fun crux beta where you cross your left leg across before you reach for the sloper with the thumb catch",https://www.mountainproject.com/route/106282059/predator,1,"West Virginia > Seneca Rocks > The Cave",3.0,-1,TR,,Sport,,45,6600
2024-06-13,Predator,5.12a,"Getting closer!",https://www.mountainproject.com/route/106282059/predator,1,"West Virginia > Seneca Rocks > The Cave",3.0,-1,Lead,Fell/Hung,Sport,,45,6600
2024-06-13,Ambush,5.11a,"Followed Tom. Could go for the send on this! 
#1, .75, .4 then maybe a #2 for the scramble to the anchors",https://www.mountainproject.com/route/105868600/ambush,1,"West Virginia > Seneca Rocks > Southern Pillar > Southern Pillar - West Side",2.8,-1,Follow,,Trad,,40,4600
2024-06-13,"Climbin' Punishment",5.8+,"Followed pitch 1, led pitch 2. Perfect hands to the top!!",https://www.mountainproject.com/route/106040877/climbin-punishment,2,"West Virginia > Seneca Rocks > Southern Pillar > Southern Pillar - West Side",3.5,-1,Lead,Onsight,Trad,,180,2200
2024-06-12,"Worrell's Thicket",5.0,"Access to Broadway on an early morning booty run",https://www.mountainproject.com/route/110726960/worrells-thicket,2,"West Virginia > Seneca Rocks > South Peak - East Face > Southeast Corner",2.0,-1,Solo,,Trad,,160,1000
2024-06-11,Orangeaid,5.10b,"TR solo. Stout!",https://www.mountainproject.com/route/106145721/orangeaid,1,"West Virginia > Seneca Rocks > South Peak - East Face > Upper Broadway",3.5,-1,TR,,Trad,,80,2900
2024-06-11,"Old Man's Route",5.2,"Soloed to the last pitch then was lucky enough to get permission to slap my micro on someone&#39;s rap line",https://www.mountainproject.com/route/105917543/old-mans-route,3,"West Virginia > Seneca Rocks > South Peak - West Face > South Peak West Face (Main Area)",2.7,-1,TR,,Trad,,,1200
2024-06-11,Pollux,5.10a,Cruiser!,https://www.mountainproject.com/route/105868626/pollux,1,"West Virginia > Seneca Rocks > South Peak - East Face > Upper Broadway",3.4,-1,Lead,Redpoint,Trad,,45,2600
2024-06-11,Pollux,5.10a,"TR solo from orangeaid bolts",https://www.mountainproject.com/route/105868626/pollux,1,"West Virginia > Seneca Rocks > South Peak - East Face > Upper Broadway",3.4,-1,TR,,Trad,,45,2600
2024-06-08,"Conn's East",5.6,"LRS with revo. Decent!",https://www.mountainproject.com/route/106449616/conns-east,4,"West Virginia > Seneca Rocks > South Peak - East Face > Upper Broadway",2.9,-1,Lead,Onsight,Trad,,250,1600
2024-06-08,Kauffman-Cardon,5.4,"LRS with revo. First pitch was good, the second pitch was the most garbage pitch I've ever done at Seneca ",https://www.mountainproject.com/route/107333069/kauffman-cardon,4,"West Virginia > Seneca Rocks > South Peak - East Face > Southeast Corner",2.3,0,Lead,Onsight,Trad,,175,1400
2024-06-07,T&T,5.8+,,https://www.mountainproject.com/route/108402665/tt,1,"West Virginia > Seneca Rocks > South Peak - East Face > Southeast Corner",3.0,-1,Lead,Onsight,Trad,,190,2200
2024-06-07,"Bee Sting Corner",5.7,,https://www.mountainproject.com/route/107265681/bee-sting-corner,1,"West Virginia > Seneca Rocks > South Peak - East Face > Southeast Corner",3.2,-1,Lead,Onsight,Trad,,75,1800
2024-06-05,Predator,5.12a,"TR solo. ",https://www.mountainproject.com/route/106282059/predator,1,"West Virginia > Seneca Rocks > The Cave",3.0,-1,TR,,Sport,,45,6600
2024-06-04,"5.10b sport",5.10b,"Dominion at nrocks. Dogs out send!",https://www.mountainproject.com/route/112166299/510b-sport,1,"* In Progress > Generic Area",2.8,-1,TR,,Sport,,,2900
2024-06-03,Thais,5.6,"LRS with Revo. Linked pitches 1&2 and 3&4. I thought the second pitch was the money!",https://www.mountainproject.com/route/106000377/thais,4,"West Virginia > Seneca Rocks > South Peak - West Face > South Peak West Face (Main Area)",2.7,-1,Lead,Onsight,Trad,,300,1600
2024-06-01,"Conn's West",5.4,"Guiding. Busy day on the rock!",https://www.mountainproject.com/route/105977724/conns-west,3,"West Virginia > Seneca Rocks > South Peak - West Face > South Peak West Face (Main Area)",2.9,-1,Lead,Redpoint,Trad,,200,1400
2024-05-28,"Old Ladies Route",5.2,"Guiding Matt B. Nighttime ascent",https://www.mountainproject.com/route/106587097/old-ladies-route,2,"West Virginia > Seneca Rocks > South Peak - West Face > South Peak West Face (Main Area)",2.7,-1,Lead,Redpoint,Trad,,,1200
2024-05-28,"Up and Coming",5.4,"Guiding Matt B. Nighttime ascent",https://www.mountainproject.com/route/107333109/up-and-coming,2,"West Virginia > Seneca Rocks > South Peak - East Face > Lower Broadway",2.3,-1,Lead,Redpoint,Trad,,130,1400
2024-05-28,"Worrell's Thicket",5.0,"Guiding Matt B. Nighttime ascent",https://www.mountainproject.com/route/110726960/worrells-thicket,3,"West Virginia > Seneca Rocks > South Peak - East Face > Southeast Corner",2.0,-1,Lead,Redpoint,Trad,,160,1000
2024-05-27,"5.11d sport",5.11d,"Two Scoops at nrocks. Super stout, crimpy crux! Really fun movement though",https://www.mountainproject.com/route/112166335/511d-sport,1,"* In Progress > Generic Area",3.3,-1,TR,,Sport,,,5500
2024-05-27,"5.10a sport",5.10a,"IMOL at nrocks",https://www.mountainproject.com/route/112166313/510a-sport,1,"* In Progress > Generic Area",2.6,-1,TR,,Sport,,,2600
2024-05-27,"5.10b sport",5.10b,"Two Poops at nrocks. Morgan&#39;s first time lead belaying so I took at the crux for her sake",https://www.mountainproject.com/route/112166299/510b-sport,1,"* In Progress > Generic Area",2.8,-1,Lead,Fell/Hung,Sport,,,2900
2024-05-27,"Old Man's Route",5.2,"Soloed to the last pitch then roped up for the crux pitch",https://www.mountainproject.com/route/105917543/old-mans-route,3,"West Virginia > Seneca Rocks > South Peak - West Face > South Peak West Face (Main Area)",2.7,-1,,,Trad,,,1200
2024-05-27,"Ecstasy Junior",5.4,"Simuled with Matt on a booty run",https://www.mountainproject.com/route/106044673/ecstasy-junior,2,"West Virginia > Seneca Rocks > South Peak - West Face > Southwest Corner",2.9,-1,,,Trad,,160,1400
2024-05-26,"Conn's West",5.4,Guiding,https://www.mountainproject.com/route/105977724/conns-west,3,"West Virginia > Seneca Rocks > South Peak - West Face > South Peak West Face (Main Area)",2.9,-1,Lead,Redpoint,Trad,,200,1400
2024-05-25,"Bear's Delight",5.6,"Linked this with Lichen or Leave it for a mega pitch",https://www.mountainproject.com/route/107233573/bears-delight,1,"West Virginia > Seneca Rocks > North Peak - East Face",2.2,-1,Lead,Onsight,Trad,,40,1600
2024-05-25,"Lichen or Leave It",5.8,"LRS w/ Revo & mtrax. Did one mega pitch from the base of Lichen or Leave it all the way to the ridge, about 55m. Scrambled down the observation deck to take the tourist trail down. Neat crux!",https://www.mountainproject.com/route/106058493/lichen-or-leave-it,2,"West Virginia > Seneca Rocks > North Peak - East Face",3.6,-1,Lead,Onsight,Trad,,90,2100
2024-05-21,"Judgement Seat",5.10a,"Fell on a bomber .75 at the crux. Tried to lieback but should have just stayed in the crack and went for the foot jams. Followed Matt on the OG second pitch left of the roof, super licheny! Two more adventure pitches to get to the top of the southern pillar",https://www.mountainproject.com/route/105910077/judgement-seat,4,"West Virginia > Seneca Rocks > Southern Pillar > Southern Pillar - West Side",3.1,-1,Lead,Fell/Hung,Trad,,225,2600
2024-05-21,"Cottonmouth - Venom",5.10,"Followed Matt. Thin and greasy, but good! Venom was sick",https://www.mountainproject.com/route/105910414/cottonmouth-venom,1,"West Virginia > Seneca Rocks > South Peak - West Face > South Peak West Face (Main Area)",3.7,-1,Follow,,Trad,,200,3000
2024-05-19,"Sea of Tranquility",5.10a,"TRd the direct line through the roof, super reachy!",https://www.mountainproject.com/route/112834809/sea-of-tranquility,1,"West Virginia > Eastern WV > Reeds Creek",2.9,-1,TR,,Sport,,45,2600
2024-05-19,"Dr Taco",5.7,,https://www.mountainproject.com/route/110620718/dr-taco,1,"West Virginia > Eastern WV > Reeds Creek",1.8,-1,Lead,Onsight,Sport,,30,1800
2024-05-19,"Welcome to Reed's Creek",5.7,,https://www.mountainproject.com/route/110620722/welcome-to-reeds-creek,1,"West Virginia > Eastern WV > Reeds Creek",2.5,-1,Lead,Onsight,Sport,,30,1800
2024-05-19,"Catfish Strangler",5.11a,"So sick! A bit of a one move wonder, but damn that move is so fun. Must do at Reeds!",https://www.mountainproject.com/route/111809758/catfish-strangler,1,"West Virginia > Eastern WV > Reeds Creek",3.1,-1,Lead,Onsight,Sport,,60,4600
2024-05-19,"Sea of Tranquility",5.10a,,https://www.mountainproject.com/route/112834809/sea-of-tranquility,1,"West Virginia > Eastern WV > Reeds Creek",2.9,-1,Lead,Onsight,Sport,,45,2600
2024-05-16,"Breakneck Direct",5.10b,,https://www.mountainproject.com/route/110715391/breakneck-direct,1,"West Virginia > Seneca Rocks > South Peak - West Face > South Peak West Face (Main Area)",3.2,-1,TR,,Trad,,80,2900
2024-05-16,"Triple S",5.8+,"Onsighted it first go, then did a couple TR laps. Good stuff!",https://www.mountainproject.com/route/105908844/triple-s,3,"West Virginia > Seneca Rocks > South Peak - West Face > South Peak West Face (Main Area)",3.6,-1,Lead,Onsight,Trad,,90,2200
2024-05-15,"Skyline Traverse",5.3,,https://www.mountainproject.com/route/105917259/skyline-traverse,4,"West Virginia > Seneca Rocks > South Peak - East Face > Southeast Corner",2.9,-1,Lead,Redpoint,Trad,,,1300
2024-05-12,"Old Man's Route",5.2,"W/ Julie. Busy day on old mans!",https://www.mountainproject.com/route/105917543/old-mans-route,4,"West Virginia > Seneca Rocks > South Peak - West Face > South Peak West Face (Main Area)",2.7,-1,Lead,Redpoint,Trad,,,1200
2024-05-08,"Neck Press",5.7,"TR just pitch 2 to get a stuck rope",https://www.mountainproject.com/route/106456586/neck-press,1,"West Virginia > Seneca Rocks > South Peak - West Face > South Peak West Face (Main Area)",2.9,-1,TR,,Trad,,200,1800
2024-05-08,"Green Wall",5.7,"LRS w/ Revo. A good time! Linked the last two pitches ",https://www.mountainproject.com/route/105917255/green-wall,4,"West Virginia > Seneca Rocks > South Peak - West Face > South Peak West Face (Main Area)",3.4,-1,Lead,Onsight,Trad,,,1800
2024-05-06,"5.7+ sport",5.7+,"Oz at NRocks w/ Chris. Pretty damp lichen which was a tad sketch, but still a good time!",https://www.mountainproject.com/route/121671102/57-sport,1,"* In Progress > Generic Area",2.8,-1,Lead,Onsight,Sport,,,1900
2024-05-06,"5.11b sport",5.11b,"Shorty at NRocks w/ Chris. Fell at the second bolt on the flash attempt, lowered and got it clean! Two more burns on top rope just for fun",https://www.mountainproject.com/route/112166328/511b-sport,3,"* In Progress > Generic Area",3.0,-1,Lead,Redpoint,Sport,,,4900
2024-05-02,"5.7 trad",5.7,"W/ Holly. Millennium at NRocks. Linked pitches 1 & 2 as well as pitches 5 & 6. Mostly cool because it&#39;s so long, that&#39;s about it. But the last pitch is pretty fun!",https://www.mountainproject.com/route/112166285/57-trad,6,"* In Progress > Generic Area",3.0,-1,Lead,Onsight,Trad,,,1800
2024-05-01,Daytripper,5.10a,"Botched the crux, should have gone right foot first :(",https://www.mountainproject.com/route/107283495/daytripper,1,"West Virginia > Seneca Rocks > Southern Pillar > Southern Pillar - West Side",2.9,-1,,,Trad,,70,2600
2024-05-01,"Right Tope",5.9,,https://www.mountainproject.com/route/105910082/right-tope,1,"West Virginia > Seneca Rocks > Southern Pillar > Southern Pillar - West Side",2.9,-1,TR,,Trad,,100,2400
2024-05-01,"Right Tope",5.9,"Clipped two pieces left over from Holly's lead. Loved the crux!",https://www.mountainproject.com/route/105910082/right-tope,1,"West Virginia > Seneca Rocks > Southern Pillar > Southern Pillar - West Side",2.9,-1,Lead,Onsight,Trad,,100,2400
2024-05-01,Ambush,5.11a,"Super fun moves through the roof!",https://www.mountainproject.com/route/105868600/ambush,1,"West Virginia > Seneca Rocks > Southern Pillar > Southern Pillar - West Side",2.8,-1,TR,,Trad,,40,4600
2024-05-01,"Block Party",5.8,,https://www.mountainproject.com/route/105868594/block-party,1,"West Virginia > Seneca Rocks > Southern Pillar > Southern Pillar - West Side",2.6,-1,TR,,Trad,,40,2100
2024-04-29,Sunshine,"5.10a PG13","2x laps on TR solo. Found 7 good placements (See Google Photos, left to right) from the deck to the first bolt that wouldn&#39;t make it too bad, but the first 10ft would still be a heads up zone. Still need to check gear for the rest of the route",https://www.mountainproject.com/route/105910397/sunshine,2,"West Virginia > Seneca Rocks > South Peak - West Face > Southwest Corner",3.1,-1,TR,,Trad,,100,2600
2024-04-28,"Humphrey's Head",5.4,"Guided Matt (Whipper) and Matt. Took the route directly below the rap line, was a good bit tougher than following the north ridge. ",https://www.mountainproject.com/route/106683033/humphreys-head,1,"West Virginia > Seneca Rocks > South Peak - West Face > South Peak West Face (Main Area)",2.4,-1,Lead,Redpoint,Trad,,50,1400
2024-04-28,"Ecstasy Junior",5.4,"Guided Matt (Whipper) and Matt.",https://www.mountainproject.com/route/106044673/ecstasy-junior,2,"West Virginia > Seneca Rocks > South Peak - West Face > Southwest Corner",2.9,-1,Lead,Redpoint,Trad,,160,1400
2024-04-27,"Gunsight to South Peak",5.4,"I think doing Gunsight to South Peak Direct is the better move for more confident climbers",https://www.mountainproject.com/route/105924140/gunsight-to-south-peak,4,"West Virginia > Seneca Rocks > South Peak - West Face > South Peak West Face (Main Area)",3.7,-1,Lead,Redpoint,Trad,,150,1400
2024-04-23,"Old Ladies Route",5.2,,https://www.mountainproject.com/route/106587097/old-ladies-route,2,"West Virginia > Seneca Rocks > South Peak - West Face > South Peak West Face (Main Area)",2.7,-1,Lead,Redpoint,Trad,,,1200
2024-04-23,Ecstasy,5.7,"Linked P1 and P2, don&#39;t do that in the future. Used a .1, .3, and a #1 peenut backed up by a piton for the hanging belay after the traverse",https://www.mountainproject.com/route/105910030/ecstasy,2,"West Virginia > Seneca Rocks > South End",3.6,-1,Lead,Redpoint,Trad,,250,1800
2024-04-22,"5.10a sport",5.10a,"License To Drill at nrocks, did EZ Wider to start",https://www.mountainproject.com/route/112166313/510a-sport,1,"* In Progress > Generic Area",2.6,-1,Lead,Redpoint,Sport,,,2600
2024-04-22,"5.8 sport",5.8,"Bottom Feeder at nrocks",https://www.mountainproject.com/route/112166269/58-sport,1,"* In Progress > Generic Area",2.6,-1,Lead,Redpoint,Sport,,,2100
2024-04-21,Totem,5.11a,"Guided some scouts. Just P1 to TR this and the climb to the left",https://www.mountainproject.com/route/106243771/totem,1,"West Virginia > Seneca Rocks > South End",2.9,-1,Lead,Redpoint,Trad,,280,4600
2024-04-19,"Gunsight to South Peak",5.4,"Guided Jonah. Split it into 4 pitches from upper broadway to the summit.",https://www.mountainproject.com/route/105924140/gunsight-to-south-peak,4,"West Virginia > Seneca Rocks > South Peak - West Face > South Peak West Face (Main Area)",3.7,-1,Lead,Redpoint,Trad,,150,1400
2024-04-19,"Conn's West",5.4,"Guided Jonah. Need to find a decent placement before the chockstone on P2 and a piece that&#39;s easier to clean on the first ledge of P3",https://www.mountainproject.com/route/105977724/conns-west,3,"West Virginia > Seneca Rocks > South Peak - West Face > South Peak West Face (Main Area)",2.9,-1,Lead,Redpoint,Trad,,200,1400
2024-04-16,Predator,5.12a,"Went bolt to bolt, but it's not as futuristic as I thought it might be!",https://www.mountainproject.com/route/106282059/predator,1,"West Virginia > Seneca Rocks > The Cave",3.0,-1,Lead,Fell/Hung,Sport,,45,6600
2024-04-16,Sunshine,"5.10a PG13","Could go for the lead after I dial the gear!",https://www.mountainproject.com/route/105910397/sunshine,1,"West Virginia > Seneca Rocks > South Peak - West Face > Southwest Corner",3.1,-1,TR,,Trad,,100,2600
2024-04-16,"The Burn",5.8,,https://www.mountainproject.com/route/105910394/the-burn,1,"West Virginia > Seneca Rocks > South Peak - West Face > Southwest Corner",3.2,-1,Lead,Redpoint,Trad,,150,2100
2024-04-15,"Climbin' Punishment",5.8+,"Aided most of P1 after rain to remove a stuck cam. Totally busted, but fun!",https://www.mountainproject.com/route/106040877/climbin-punishment,1,"West Virginia > Seneca Rocks > Southern Pillar > Southern Pillar - West Side",3.5,-1,Lead,Redpoint,Trad,,180,2200
2024-04-06,"Roy Gap Chimney's",5.6,"Guided Matt. Onsighted just P1",https://www.mountainproject.com/route/105996084/roy-gap-chimneys,1,"West Virginia > Seneca Rocks > Southern Pillar > Southern Pillar - West Side",2.6,-1,Lead,Onsight,Trad,,220,1600
2024-04-06,"Old Ladies Route",5.2,"Guided Matt. Just the last two pitches. Squeaked in among a group of 7, they were super kind and chill",https://www.mountainproject.com/route/106587097/old-ladies-route,2,"West Virginia > Seneca Rocks > South Peak - West Face > South Peak West Face (Main Area)",2.7,-1,Lead,,Trad,,,1200
2024-04-06,"Up and Coming",5.4,"Guided Matt. Better movement than I expected, it was quite a fun way to access Old Ladies from the East",https://www.mountainproject.com/route/107333109/up-and-coming,2,"West Virginia > Seneca Rocks > South Peak - East Face > Lower Broadway",2.3,-1,Lead,Onsight,Trad,,130,1400
2024-04-06,"Worrell's Thicket",5.0,"Guided Matt",https://www.mountainproject.com/route/110726960/worrells-thicket,2,"West Virginia > Seneca Rocks > South Peak - East Face > Southeast Corner",2.0,-1,Lead,,Trad,,160,1000
2024-04-02,"Conn's West",5.4,"TR solo, just first two pitches to retrieve Kyle's gear ",https://www.mountainproject.com/route/105977724/conns-west,2,"West Virginia > Seneca Rocks > South Peak - West Face > South Peak West Face (Main Area)",2.9,-1,TR,,Trad,,200,1400
2024-03-31,"Put A Wiggle In Your Stride",5.12a,"TR solo. Hard as nails, but got all the moves after some effort. Reckon another bolt could go in down low given that the old gear placement is gone, otherwise I'll shamelessly stick clip this puppy",https://www.mountainproject.com/route/113199443/put-a-wiggle-in-your-stride,1,"West Virginia > Seneca Rocks > South Peak - East Face > Upper Broadway",2.9,-1,TR,,"Sport, TR",,50,6600
2024-03-31,S&M,5.8,"TR solo. Just pitch 2",https://www.mountainproject.com/route/107834145/sm,1,"West Virginia > Seneca Rocks > South Peak - East Face > Southeast Corner",2.6,-1,TR,,Sport,,100,2100
2024-03-31,"Dirty Old Man",5.6,"LRS w/ Revo. Went in direct once to handle the back feeding",https://www.mountainproject.com/route/107234687/dirty-old-man,1,"West Virginia > Seneca Rocks > South Peak - East Face > Upper Broadway",2.7,-1,Lead,Onsight,Trad,,80,1600
2024-03-31,"Frosted Flake",5.9,"LRS w/ Revo + a follow pitch. Fun route! On point at 5.9 I think, so pretty soft by Seneca standards",https://www.mountainproject.com/route/105908819/frosted-flake,2,"West Virginia > Seneca Rocks > South Peak - East Face > Upper Broadway",2.6,-1,Lead,Onsight,Trad,,100,2400
2024-03-29,"Old Ladies Route",5.2,"Guiding. Followed Kyle's lead, guided Alex and Kolton",https://www.mountainproject.com/route/106587097/old-ladies-route,3,"West Virginia > Seneca Rocks > South Peak - West Face > South Peak West Face (Main Area)",2.7,-1,Follow,,Trad,,,1200
2024-03-27,"5.7 sport",5.7,"Abandoned at nrocks. Used only one of the jugs on the arete to reach the lip just for fun",https://www.mountainproject.com/route/112166265/57-sport,1,"* In Progress > Generic Area",2.2,-1,Lead,Redpoint,Sport,,,1800
2024-03-27,"5.8 sport",5.8,"Nameless at nrocks 007 wall",https://www.mountainproject.com/route/112166269/58-sport,1,"* In Progress > Generic Area",2.6,-1,Lead,Onsight,Sport,,,2100
2024-03-27,"5.10b sport",5.10b,"Dominion at nrocks. Super wet for the entire first half, but really quality climb",https://www.mountainproject.com/route/112166299/510b-sport,1,"* In Progress > Generic Area",2.8,-1,Lead,Onsight,Sport,,,2900
2024-03-27,"5.7 sport",5.7,"Abandoned at nrocks",https://www.mountainproject.com/route/112166265/57-sport,1,"* In Progress > Generic Area",2.2,-1,Lead,Onsight,Sport,,,1800
2024-03-27,"5.10c sport",5.10c,"Never Say Never at nrocks",https://www.mountainproject.com/route/112166317/510c-sport,1,"* In Progress > Generic Area",2.6,-1,Lead,Onsight,Sport,,,3200
2024-03-27,"5.9+ Sport",5.9+,"License to Drill at nrocks",https://www.mountainproject.com/route/123128687/59-sport,1,"* In Progress > Generic Area",2.9,-1,Lead,Onsight,Sport,,,2500
2024-03-26,"Conn's West",5.4,"Chris led p1 of Old Man&#39;s, then I led  both pitches of Conns. Fun route!",https://www.mountainproject.com/route/105977724/conns-west,3,"West Virginia > Seneca Rocks > South Peak - West Face > South Peak West Face (Main Area)",2.9,-1,Lead,Onsight,Trad,,200,1400
2024-03-24,"West Pole",5.7+,"W/ Josh. So sick!!! Bring some wide gear, pink tricam under the roof, #1 for the roof, save some TCUs for the corner above",https://www.mountainproject.com/route/105868530/west-pole,2,"West Virginia > Seneca Rocks > South Peak - West Face > South Peak West Face (Main Area)",3.7,-1,Lead,Onsight,Trad,,220,1900
2024-03-24,"Crispy Critter",5.7+,"A harder, thinner version of critter crack, so good!",https://www.mountainproject.com/route/107778331/crispy-critter,1,"West Virginia > Seneca Rocks > South Peak - West Face > South Peak West Face (Main Area)",3.0,-1,Lead,Onsight,Trad,,55,1900
2024-03-24,"Le Gourmet",5.4,"Just pitch 1 w/ Josh",https://www.mountainproject.com/route/106729354/le-gourmet,1,"West Virginia > Seneca Rocks > South Peak - West Face > South Peak West Face (Main Area)",2.7,-1,Lead,Flash,Trad,,285,1400
2024-03-24,"Critter Crack",5.6,"Followed Josh",https://www.mountainproject.com/route/105917534/critter-crack,1,"West Virginia > Seneca Rocks > South Peak - West Face > South Peak West Face (Main Area)",3.4,-1,Follow,,Trad,,80,1600
2024-03-24,"Front C",5.6,"With Josh",https://www.mountainproject.com/route/105917531/front-c,1,"West Virginia > Seneca Rocks > South Peak - West Face > South Peak West Face (Main Area)",2.7,-1,Follow,,Trad,,50,1600
2024-03-22,"Southwest Buttress Variation",5.5,"Training. W/ Tom, Chad, and Joe ",https://www.mountainproject.com/route/107341911/southwest-buttress-variation,2,"West Virginia > Seneca Rocks > South End",2.8,-1,Lead,Redpoint,Trad,,60,1500
2024-03-21,"High Test",5.9+,Training,https://www.mountainproject.com/route/106193027/high-test,1,"West Virginia > Seneca Rocks > South Peak - East Face > Upper Broadway",3.9,-1,TR,,Trad,,120,2500
2024-03-21,"Gunsight to South Peak Direct",5.4,"Training. Followed Chad with Arthur",https://www.mountainproject.com/route/105924159/gunsight-to-south-peak-direct,1,"West Virginia > Seneca Rocks > South Peak - West Face > South Peak West Face (Main Area)",3.8,-1,Follow,,Trad,,150,1400
2024-03-21,"Skyline Traverse",5.3,"Training. Followed Chad with Arthur",https://www.mountainproject.com/route/105917259/skyline-traverse,3,"West Virginia > Seneca Rocks > South Peak - East Face > Southeast Corner",2.9,-1,Follow,,Trad,,,1300
2024-03-19,"Old Man's Route",5.2,"Training. Split it into 4 pitches to train w/ Chad, Kyle, and Arthur",https://www.mountainproject.com/route/105917543/old-mans-route,4,"West Virginia > Seneca Rocks > South Peak - West Face > South Peak West Face (Main Area)",2.7,-1,Lead,,Trad,,,1200
2024-03-18,"Ecstasy Junior",5.4,"W/ Chad",https://www.mountainproject.com/route/106044673/ecstasy-junior,2,"West Virginia > Seneca Rocks > South Peak - West Face > Southwest Corner",2.9,-1,Lead,Onsight,Trad,,160,1400
2024-03-18,"The Burn",5.8,,https://www.mountainproject.com/route/105910394/the-burn,1,"West Virginia > Seneca Rocks > South Peak - West Face > Southwest Corner",3.2,-1,TR,,Trad,,150,2100
2024-03-16,"Le Gourmet",5.4,"LRS w/ Revo. Only did the short pitch to critter crack after doing the direct start",https://www.mountainproject.com/route/106729354/le-gourmet,2,"West Virginia > Seneca Rocks > South Peak - West Face > South Peak West Face (Main Area)",2.7,-1,Lead,Onsight,Trad,,285,1400
2024-03-16,"Critter Crack",5.6,"LRS w/ Revo. Whoever says this is sustained couldn't find a no-hands rest if it hit em over the head!",https://www.mountainproject.com/route/105917534/critter-crack,2,"West Virginia > Seneca Rocks > South Peak - West Face > South Peak West Face (Main Area)",3.4,-1,Lead,Onsight,Trad,,80,1600
2024-03-16,"Le Gourmet Direct",5.7,"LRS w/ revo",https://www.mountainproject.com/route/105917520/le-gourmet-direct,2,"West Virginia > Seneca Rocks > South Peak - West Face > South Peak West Face (Main Area)",2.1,-1,Lead,Onsight,Trad,,100,1800
2024-03-14,"Humphrey's Head",5.4,"LRS w/ revo, chock only ascent for practice",https://www.mountainproject.com/route/106683033/humphreys-head,2,"West Virginia > Seneca Rocks > South Peak - West Face > South Peak West Face (Main Area)",2.4,-1,Lead,Onsight,Trad,,50,1400
2024-03-13,Totem,5.11a,"Just P1 with Kyle and Tom for training",https://www.mountainproject.com/route/106243771/totem,1,"West Virginia > Seneca Rocks > South End",2.9,-1,Lead,Onsight,Trad,,280,4600
2024-03-13,"Ye Gods & Little Fishes",5.8,"W/ Kyle after climbing Candy Corner",https://www.mountainproject.com/route/106150218/ye-gods-little-fishes,1,"West Virginia > Seneca Rocks > South End",3.1,-1,TR,,Trad,,85,2100
2024-03-13,"Candy Corner",5.6,"W/ Kyle ",https://www.mountainproject.com/route/106064534/candy-corner,1,"West Virginia > Seneca Rocks > South End",3.1,-1,Lead,Onsight,Trad,,95,1600
2024-03-04,"North Ridge",5.7,"Super fun!! The setting was way better than the movement, but so worth it! Tons of tourists. W/ Lucia",https://www.mountainproject.com/route/105751609/north-ridge,2,"Colorado > Colorado Springs > Garden of the Gods > Montezuma Tower",3.4,-1,Lead,Onsight,Trad,,,1800
2024-03-02,"AI2 Steep Snow","AI2 Steep Snow X","Climbed a random couloir above Chasm Lake after bailing from Kiener&#39;s. A great day!",https://www.mountainproject.com/route/121871180/ai2-steep-snow,5,"* In Progress > Generic Area",2.0,-1,Lead,Onsight,"Ice, Snow",,1000,38100
2024-02-27,"Vitamin V",5.9,"TR solo",https://www.mountainproject.com/route/105764184/vitamin-v,1,"Colorado > Boulder > Boulder Canyon > The Sport Park > Surprising Crag > South Face",1.8,-1,TR,,Sport,,50,2400
2024-02-27,"Chasing Sticks",5.9,"TR solo. Cold and snowy",https://www.mountainproject.com/route/105755278/chasing-sticks,1,"Colorado > Boulder > Boulder Canyon > The Sport Park > Surprising Crag > South Face",1.9,-1,TR,,Sport,,,2400
2024-02-25,Vertigo,5.11b,"LRS P1, followed P2, both clean. Led P3 and P4, kinda hang dogged both, but had a great time!! Wind was so bad it could blow a fart UP my ass. 50mph winds towards the top, just about got blown off the rock!",https://www.mountainproject.com/route/105748771/vertigo,4,"Colorado > Boulder > Eldorado Canyon State Park > Redgarden Wall > Redgarden - Tower One",3.8,-1,Lead,Fell/Hung,Trad,,,4900
2024-02-24,"Full Recovery",WI2-3,,https://www.mountainproject.com/route/110019183/full-recovery,1,"Colorado > CO Ice & Mixed > RMNP - Mixed/Ice > Glacier Gorge Trailhead Ice > Glacier Gorge > Thatchtop Mt (SE aspect)",1.5,-1,TR,,"Trad, TR, Ice, Alpine",,160,31500
2024-02-17,"Kool Cat",5.11,"Clean. Sick climb! Would be a lot tougher on lead ",https://www.mountainproject.com/route/105718054/kool-cat,1,"Utah > Southeast Utah > Indian Creek > Cat Wall",3.3,-1,TR,,Trad,,90,5000
2024-02-17,"To Skin a Cat",5.12a,"Got hard stopped at the crux, it's pretty brutal!",https://www.mountainproject.com/route/105818231/to-skin-a-cat,1,"Utah > Southeast Utah > Indian Creek > Cat Wall",2.1,-1,TR,,Trad,,60,6600
2024-02-17,"More Than One Way",5.10d,"Kinda burly, a good time!",https://www.mountainproject.com/route/105818217/more-than-one-way,1,"Utah > Southeast Utah > Indian Creek > Cat Wall",2.7,-1,TR,,Trad,,70,3500
2024-02-17,Catsup,5.10-,,https://www.mountainproject.com/route/105818211/catsup,1,"Utah > Southeast Utah > Indian Creek > Cat Wall",2.2,-1,Lead,Flash,Trad,,65,2700
2024-02-17,"Trip to the Vet",5.10+,,https://www.mountainproject.com/route/105717919/trip-to-the-vet,1,"Utah > Southeast Utah > Indian Creek > Cat Wall",3.0,-1,Lead,Flash,"Trad, TR",,100,3300
2024-02-16,"Standard Route","5.7 C0","LRS with Revo. Super stoked to have done my first aid climb!!",https://www.mountainproject.com/route/105920520/standard-route,1,"Utah > Southeast Utah > Arches National Park > The Pickle",2.6,-1,Lead,Onsight,"Trad, Aid",,90,1800
2024-02-15,"West Crack",5.8,"LRS with revo. Fun climb, but there was mouse piss and shit all over it ",https://www.mountainproject.com/route/105717448/west-crack,1,"Utah > Southeast Utah > Arches National Park > Owl Rock",3.0,-1,Lead,Onsight,Trad,,100,2100
2024-02-15,"West Chimney",5.6,"Soloing is lame do not recommend",https://www.mountainproject.com/route/105718453/west-chimney,1,"Utah > Southeast Utah > Arches National Park > Bullwinkle Tower",2.0,-1,Solo,,Trad,,60,1600
2024-02-13,Bongeater,5.10d,"Botched it a foot shy of the lip bc I was gassed and runout. Next time get the crimp on the left hand, then bump the right to a layback sloper to get to the lip",https://www.mountainproject.com/route/105741173/bongeater,1,"Utah > Wasatch Range > Central Wasatch > Little Cottonwood Canyon > Bongeater Buttress",3.7,-1,Lead,Fell/Hung,Trad,,80,3500
2024-02-13,"The Coffin",5.9,"Fuckin' sick!",https://www.mountainproject.com/route/105740048/the-coffin,1,"Utah > Wasatch Range > Central Wasatch > Little Cottonwood Canyon > Coffin Buttress",3.8,-1,Lead,Onsight,Trad,,80,2400
2024-02-13,"Crescent Crack",5.7,"Sick climb! Definitely not for beginners, though! Led a short extra pitch to get to The Coffin. Can confirm the chimney goes easier than 5.10. It was a little thrutchy for me because I&#39;m not good at chimney/offwidth, but it went!",https://www.mountainproject.com/route/105740015/crescent-crack,3,"Utah > Wasatch Range > Central Wasatch > Little Cottonwood Canyon > Crescent Crack Buttress",2.9,-1,Lead,Onsight,Trad,,300,1800
2024-02-11,"5.8 trad",5.8,"LRS with revo. Something on Pete&#39;s Rock towards the left, went to a roof, some tricky moves just after the roof then a cakewalk up a slab",https://www.mountainproject.com/route/112166360/58-trad,1,"* In Progress > Generic Area",2.9,-1,Lead,Onsight,Trad,,,2100
2024-02-11,"5.6 trad",5.6,"LRS with revo. Some random route at Pete&#39;s Rock, just left of one of the easier lines, followed the smaller crack. Bootied a fixed nut that looked to have been there a good while!",https://www.mountainproject.com/route/112166356/56-trad,1,"* In Progress > Generic Area",2.5,-1,Lead,Onsight,Trad,,,1600
2024-02-11,"Route 1",5.9+,"LRS w/ Revo, did the 5.7 variation. Kinda tricky to protect up to the first bolt!",https://www.mountainproject.com/route/105853121/route-1,1,"Utah > Wasatch Range > Central Wasatch > Mount Olympus > Pete's Rock Area > Pete's Rock",2.4,-1,Lead,Onsight,"Trad, TR",,70,2500
2024-02-11,"Knifeblade Crack",5.8,"LRS w/ revo",https://www.mountainproject.com/route/105853138/knifeblade-crack,2,"Utah > Wasatch Range > Central Wasatch > Mount Olympus > Pete's Rock Area > Pete's Rock",1.7,-1,Lead,Onsight,Trad,,60,2100
2024-02-03,Birdland,5.7+,"LRS with revo. It's as good as they say!!",https://www.mountainproject.com/route/105733115/birdland,10,"Nevada > Southern Nevada > Red Rocks > Pine Creek Canyon > Brass Wall",3.4,4,Lead,Onsight,Trad,,600,1900
2024-01-28,"Ending Crack","5.7 PG13","Just did pitch 1. A dream to climb, super fun!!",https://www.mountainproject.com/route/105796895/ending-crack,1,"California > Central Coast > Hwy 33/Ojai > Sespe Gorge (Black Wall)",3.4,-1,Lead,Onsight,Trad,,300,1800
2024-01-28,"Tree Root",5.5,"Pretty chill and fun! LOTS of ants at the base",https://www.mountainproject.com/route/105797274/tree-root,2,"California > Central Coast > Hwy 33/Ojai > Sespe Gorge (Black Wall)",2.8,-1,Lead,Onsight,Trad,,300,1500
2024-01-27,"South Face Left",5.10b,"Took the left variation",https://www.mountainproject.com/route/105850740/south-face-left,1,"California > Los Angeles Basin > Santa Monica Mountains > Point Dume",2.6,-1,TR,,TR,,80,2900
2024-01-27,Left,5.8,,https://www.mountainproject.com/route/105850724/left,1,"California > Los Angeles Basin > Santa Monica Mountains > Point Dume",2.1,-1,TR,,TR,,90,2100
2024-01-27,"Left Center",5.8,,https://www.mountainproject.com/route/105850727/left-center,1,"California > Los Angeles Basin > Santa Monica Mountains > Point Dume",2.2,-1,TR,,TR,,90,2100
2024-01-13,"Sexy Grandma",5.9,"Rope gunned for some friendly boulderers!",https://www.mountainproject.com/route/105723454/sexy-grandma,1,"California > Joshua Tree National Park > Hidden Valley Area > Hidden Valley Campground > The Old Woman > The Old Woman - West Face",2.7,-1,Lead,Onsight,Sport,,80,2400
2024-01-13,"Bearded Cabbage",5.10c,"Fell a couple times at the Crux and lost some skin. Reallyyy should get some new crack gloves ",https://www.mountainproject.com/route/105721711/bearded-cabbage,1,"California > Joshua Tree National Park > Hidden Valley Area > Hidden Valley Campground > The Old Woman > The Old Woman - East Face",3.1,-1,Lead,Fell/Hung,Trad,,80,3200
2024-01-13,Buissonier,5.7+,"LRS w/ one follow pitch",https://www.mountainproject.com/route/105721645/buissonier,2,"California > Joshua Tree National Park > Hidden Valley Area > Hidden Valley Campground > The Blob > The Blob - Southeast Face",2.6,-1,Lead,Onsight,Trad,,,1900
2024-01-10,"Four Course Meal",5.7,"w/ Dana",https://www.mountainproject.com/route/112551435/four-course-meal,3,"Arizona > Southern Arizona > Cochise Stronghold > West Stronghold > Window Dome",3.0,-1,Lead,Onsight,Trad,,400,1800
2024-01-08,"King of Snake",5.12a,"Clean send, super fun Crux!!",https://www.mountainproject.com/route/116380203/king-of-snake,1,"Arizona > Southern Arizona > The Biscuit > Main Ampitheater",3.0,-1,TR,,Sport,,90,6600
2024-01-08,Swifting,5.11a,,https://www.mountainproject.com/route/116380395/swifting,1,"Arizona > Southern Arizona > The Biscuit > Main Ampitheater",3.3,-1,Lead,Onsight,Sport,,90,4600
2024-01-08,"Postcards to Pinetop",5.10a/b,,https://www.mountainproject.com/route/116380324/postcards-to-pinetop,1,"Arizona > Southern Arizona > The Biscuit > Wall of Northern Arizona",2.9,-1,Lead,Onsight,Sport,,110,2800
2024-01-08,"Sombreros from Snowflake",5.10b,,https://www.mountainproject.com/route/116380250/sombreros-from-snowflake,1,"Arizona > Southern Arizona > The Biscuit > Wall of Northern Arizona",2.7,-1,Lead,Onsight,Sport,,101,2900
2023-12-26,"Hot Yoga",5.10a/b,"Last route of the day, so I just TR'd",https://www.mountainproject.com/route/117071993/hot-yoga,1,"North Carolina > 3. Piedmont Region > Pilot Mountain > 07. Little Amphitheater",3.3,-1,TR,,Sport,,50,2800
2023-12-15,Outhouse,5.7,,https://www.mountainproject.com/route/110713185/outhouse,1,"North Carolina > 3. Piedmont Region > Pilot Mountain > 07. Little Amphitheater",2.1,-1,Lead,Redpoint,"Trad, TR",,50,1800
2023-12-15,KMA,5.8,,https://www.mountainproject.com/route/108053227/kma,1,"North Carolina > 3. Piedmont Region > Pilot Mountain > 07. Little Amphitheater",2.5,-1,TR,,TR,,60,2100
2023-12-15,"Blind Prophet","5.12 PG13","Pretty gassed, fell at the second to last bolt",https://www.mountainproject.com/route/107503803/blind-prophet,1,"North Carolina > 3. Piedmont Region > Pilot Mountain > 08. Amphitheater",3.4,-1,Lead,Fell/Hung,Sport,,70,7000
2023-12-15,"Blind Prophet","5.12 PG13","Fell right at the last bolt, so close! ",https://www.mountainproject.com/route/107503803/blind-prophet,1,"North Carolina > 3. Piedmont Region > Pilot Mountain > 08. Amphitheater",3.4,-1,Lead,Fell/Hung,Sport,,70,7000
2023-12-15,"Grandpa's Belay",5.6,,https://www.mountainproject.com/route/106130375/grandpas-belay,1,"North Carolina > 3. Piedmont Region > Pilot Mountain > 07. Little Amphitheater",2.4,-1,TR,,"Trad, TR",,50,1600
2023-12-09,"Crackin' Up",5.7,"SPI exam. Bootied a .75!",https://www.mountainproject.com/route/106101938/crackin-up,1,"North Carolina > 3. Piedmont Region > Pilot Mountain > 08. Amphitheater",2.9,-1,Lead,Redpoint,Trad,,50,1800
2023-12-09,Outhouse,5.7,"SPI exam",https://www.mountainproject.com/route/110713185/outhouse,1,"North Carolina > 3. Piedmont Region > Pilot Mountain > 07. Little Amphitheater",2.1,-1,TR,,"Trad, TR",,50,1800
2023-12-09,KMA,5.8,"SPI exam",https://www.mountainproject.com/route/108053227/kma,1,"North Carolina > 3. Piedmont Region > Pilot Mountain > 07. Little Amphitheater",2.5,-1,TR,,TR,,60,2100
2023-12-03,Outhouse,5.7,"SPI course",https://www.mountainproject.com/route/110713185/outhouse,1,"North Carolina > 3. Piedmont Region > Pilot Mountain > 07. Little Amphitheater",2.1,-1,TR,,"Trad, TR",,50,1800
2023-11-18,"Son of White Trash",5.8,,https://www.mountainproject.com/route/106752191/son-of-white-trash,1,"North Carolina > 2. Northern Mountains Region > The Dump > The Dump aka Warpin and Dorphin (Routes)",2.0,-1,Lead,Redpoint,"Trad, Sport",,40,2100
2023-11-18,"Red Headed Stepchild",5.10,"Super fun, definitely worth getting on!! ",https://www.mountainproject.com/route/108691761/red-headed-stepchild,1,"North Carolina > 2. Northern Mountains Region > The Dump > The Dump aka Warpin and Dorphin (Routes)",2.3,3,Lead,Onsight,Trad,,30,3000
2023-11-18,"Unwritten Law",5.12b/c,"Made it clean to the dyno again then botched it. Gave a couple more throws then came down bc a wicked flapper on my pinkie :(",https://www.mountainproject.com/route/106107118/unwritten-law,1,"North Carolina > 2. Northern Mountains Region > The Dump > The Dump aka Warpin and Dorphin (Routes)",3.6,-1,Lead,Fell/Hung,Sport,,45,7100
2023-11-18,"Dimpsty Dumpster",5.10,,https://www.mountainproject.com/route/106097230/dimpsty-dumpster,1,"North Carolina > 2. Northern Mountains Region > The Dump > The Dump aka Warpin and Dorphin (Routes)",2.1,-1,Lead,Redpoint,Sport,,25,3000
2023-11-18,"Unwritten Law",5.12b/c,"Got it clean to the dyno, then fell. Hung for a bit then tried again and got the move for the first time!",https://www.mountainproject.com/route/106107118/unwritten-law,1,"North Carolina > 2. Northern Mountains Region > The Dump > The Dump aka Warpin and Dorphin (Routes)",3.6,-1,Lead,Fell/Hung,Sport,,45,7100
2023-11-18,"Voodoo Child",5.11a,,https://www.mountainproject.com/route/106562232/voodoo-child,1,"North Carolina > 2. Northern Mountains Region > The Dump > The Dump aka Warpin and Dorphin (Routes)",2.9,-1,Lead,Redpoint,Sport,,,4600
2023-11-18,Vermin,5.10b,,https://www.mountainproject.com/route/106562226/vermin,1,"North Carolina > 2. Northern Mountains Region > The Dump > The Dump aka Warpin and Dorphin (Routes)",2.2,-1,Lead,Onsight,Sport,,,2900
2023-11-12,"The Great Arch",5.5,Guiding,https://www.mountainproject.com/route/105887520/the-great-arch,3,"North Carolina > 3. Piedmont Region > Stone Mountain > Stone Mountain South Face",3.5,-1,Lead,Redpoint,Trad,,400,1500
2023-11-12,"U Slot","5.7+ PG13",Guiding,https://www.mountainproject.com/route/105887741/u-slot,1,"North Carolina > 3. Piedmont Region > Stone Mountain > Stone Mountain South Face",2.4,-1,Lead,Redpoint,Trad,,140,1900
2023-11-03,"U Slot","5.7+ PG13",,https://www.mountainproject.com/route/105887741/u-slot,1,"North Carolina > 3. Piedmont Region > Stone Mountain > Stone Mountain South Face",2.4,-1,Lead,Redpoint,Trad,,140,1900
2023-11-03,"The Great Arch",5.5,"Mock guide w/ Russell & Josie",https://www.mountainproject.com/route/105887520/the-great-arch,3,"North Carolina > 3. Piedmont Region > Stone Mountain > Stone Mountain South Face",3.5,-1,Lead,Redpoint,Trad,,400,1500
2023-10-30,"Sentinel Buttress",5.5,"Spoopy climb!",https://www.mountainproject.com/route/106175435/sentinel-buttress,2,"North Carolina > 3. Piedmont Region > Hanging Rock State Park > Moore's Wall (Routes) > Sentinel Buttress > Center Buttress",2.8,-1,Lead,Redpoint,Trad,,200,1500
2023-10-21,"Two Bag Face","5.9 R",,https://www.mountainproject.com/route/107129358/two-bag-face,1,"West Virginia > The New River Gorge Region > New River Gorge Proper > Fern Buttress > 3) Workmen's Buttress",3.9,-1,Lead,Onsight,Trad,,80,2400
2023-10-21,Springboard,5.10b,,https://www.mountainproject.com/route/105963436/springboard,1,"West Virginia > The New River Gorge Region > New River Gorge Proper > Fern Buttress > 7) Orchard Wall",3.7,-1,Lead,Redpoint,Trad,,70,2900
2023-10-21,"Triple Treat",5.10,"Whoo, what a fight!! Stoked to bag the onsight",https://www.mountainproject.com/route/105963432/triple-treat,1,"West Virginia > The New River Gorge Region > New River Gorge Proper > Fern Buttress > 7) Orchard Wall",3.6,-1,Lead,Onsight,Trad,,70,3000
2023-10-21,"Shiny Faces",5.10d,"Fell at the crux, then again at the jug after the crux. Pretty tough! Crux beta is very similar to Narcissus tbh. Gear was great all through though, but the upper hand crack that would have been a total joy was sopping wet from rain last night .
 Want to try inversion beta next time :)",https://www.mountainproject.com/route/106342328/shiny-faces,1,"West Virginia > The New River Gorge Region > New River Gorge Proper > Fern Buttress > 7) Orchard Wall",3.2,-1,Lead,Fell/Hung,Trad,,60,3500
2023-10-21,"Ritz Cracker",5.9,"Lives up to the hype!",https://www.mountainproject.com/route/106660073/ritz-cracker,1,"West Virginia > The New River Gorge Region > New River Gorge Proper > Fern Buttress > 8) Ritz Cracker Area",3.4,-1,Lead,Onsight,Trad,,90,2400
2023-10-20,"Animal Logic","5.12b V5","Follow to clean, also fell a couple times",https://www.mountainproject.com/route/105992257/animal-logic,1,"West Virginia > The New River Gorge Region > Summersville (Gauley River) Area > Summersville Lake (main) > DC Memorial Boulder",2.9,-1,Follow,,"Sport, Boulder",,20,6900
2023-10-20,"Process of Elimination aka Delayed Stress Syndrome",5.11b,"Everything I wanted climbing those 12s today to be! I guess I need to get stronger",https://www.mountainproject.com/route/105992269/process-of-elimination-aka-delayed-stress-syndrome,1,"West Virginia > The New River Gorge Region > Summersville (Gauley River) Area > Summersville Lake (main) > DC Memorial Boulder",2.7,-1,Lead,Onsight,Sport,,45,4900
2023-10-20,"Animal Logic","5.12b V5",,https://www.mountainproject.com/route/105992257/animal-logic,1,"West Virginia > The New River Gorge Region > Summersville (Gauley River) Area > Summersville Lake (main) > DC Memorial Boulder",2.9,-1,Lead,Fell/Hung,"Sport, Boulder",,20,6900
2023-10-20,Narcissus,5.12a,"Climbed through to the ledge, fell after trying for the big move off the ledge. Need to really dial the traverse and get better at resting at the ledge. Also get stronger! Found a crummy kneebar rest right after that move, could try to figure out how to dial that in ",https://www.mountainproject.com/route/105918466/narcissus,1,"West Virginia > The New River Gorge Region > Summersville (Gauley River) Area > Summersville Lake (main) > Narcissus Cave",3.6,-1,Lead,Fell/Hung,Sport,,55,6600
2023-10-20,Narcissus,5.12a,"Fell at the 4th bolt after having no clue what to do, then sussed out the beta. Gotta keep working on it!",https://www.mountainproject.com/route/105918466/narcissus,1,"West Virginia > The New River Gorge Region > Summersville (Gauley River) Area > Summersville Lake (main) > Narcissus Cave",3.6,-1,Lead,Fell/Hung,Sport,,55,6600
2023-10-19,"New Yosemite",5.9,"Felt very easy!",https://www.mountainproject.com/route/105943658/new-yosemite,1,"West Virginia > The New River Gorge Region > New River Gorge Proper > Junkyard Area > Junkyard Wall",3.5,-1,Lead,Redpoint,"Trad, TR",,65,2400
2023-10-01,"Two For One","5.9 PG13","Accidentally ended up here while trying to go to pumpkintown... Had fun on this though! Snagged a bail biner. placed a black tricam right after the bolt above the ledge",https://www.mountainproject.com/route/108515839/two-for-one,1,"South Carolina > Table Rock State Park > Table Rock > Watergroove Wall",2.6,3,Lead,Onsight,Trad,,180,2400
2023-09-23,19'-hexanoyloxyfucoxanthin,5.9,"FA of 19&#39;-hexanoyloxyfucoxanthin. Followed crux pitch",https://www.mountainproject.com/route/125962242/19-hexanoyloxyfucoxanthin,2,"North Carolina > 2. Northern Mountains Region > Nolichucky Gorge > Whitewater Buttress > Tier 2",3.0,3,Lead,Onsight,Trad,5.9,110,2400
2023-09-23,"Prime Rib",5.10a,"FA of Prime Rib. Led the crux pitch",https://www.mountainproject.com/route/125962165/prime-rib,2,"North Carolina > 2. Northern Mountains Region > Nolichucky Gorge > Whitewater Buttress > Tier 1",3.0,3,Lead,Onsight,Trad,5.10a,70,2600
2023-09-16,"Dude on the Corner",5.9+,,https://www.mountainproject.com/route/112534845/dude-on-the-corner,1,"North Carolina > 3. Piedmont Region > Pilot Mountain > 06. Three Bears",2.3,2,Lead,Redpoint,Sport,,50,2500
2023-09-08,"Easy Hard",5.5,"Guiding, accidentally took the 5.6/7 roof on the left just below the anchor. Oops!",https://www.mountainproject.com/route/106019894/easy-hard,1,"North Carolina > 3. Piedmont Region > Hanging Rock State Park > Moore's Wall (Routes) > Central Wall",2.3,-1,Lead,Redpoint,Trad,,120,1500
2023-09-05,"The 8th Sin",5.11d,"Route was bone dry today, had a ton of fun! Hung a couple times, made it to the moves just below the anchor and biffed it. So fun!",https://www.mountainproject.com/route/106786489/the-8th-sin,1,"North Carolina > 2. Northern Mountains Region > Linville Gorge > Gold Coast Cliffs > The Underworld",3.2,-1,Lead,Fell/Hung,Sport,,,5500
2023-09-05,"The Devil Wears Prana",5.10b,,https://www.mountainproject.com/route/106882657/the-devil-wears-prana,1,"North Carolina > 2. Northern Mountains Region > Linville Gorge > Gold Coast Cliffs > The Underworld",2.6,-1,Lead,Onsight,Sport,,,2900
2023-09-03,"Capt Crunch",5.10d,"What a fight! Had a ton of fun, it was just the right challenge level. Very dirty though ",https://www.mountainproject.com/route/105930790/capt-crunch,1,"North Carolina > 1. Southern Mountains Region > Rumbling Bald > Cereal Buttress",3.4,3,Lead,Fell/Hung,Trad,,80,3500
2023-09-03,"Born Again",5.10+,"Top roped to the second bolt, led the rest. Clean",https://www.mountainproject.com/route/106002384/born-again,1,"North Carolina > 1. Southern Mountains Region > Rumbling Bald > Cereal Buttress",2.7,-1,Lead,Pinkpoint,Sport,,90,3300
2023-09-03,"Shredded Wheat",5.11a,"Incredible!! Was a little touch and go in the crux but I pulled through ",https://www.mountainproject.com/route/105923509/shredded-wheat,1,"North Carolina > 1. Southern Mountains Region > Rumbling Bald > Cereal Buttress",3.8,4,Lead,Onsight,Trad,,90,4600
2023-09-03,"Frosted Flake",5.9+,,https://www.mountainproject.com/route/105899306/frosted-flake,1,"North Carolina > 1. Southern Mountains Region > Rumbling Bald > Cereal Buttress",3.6,-1,Follow,,Trad,,80,2500
2023-08-29,"Sentinel Buttress",5.5,"Just P2",https://www.mountainproject.com/route/106175435/sentinel-buttress,1,"North Carolina > 3. Piedmont Region > Hanging Rock State Park > Moore's Wall (Routes) > Sentinel Buttress > Center Buttress",2.8,-1,Lead,Redpoint,Trad,,200,1500
2023-08-29,"Big Jugs",5.5,"SO much better than P1 of sentinel",https://www.mountainproject.com/route/113654328/big-jugs,1,"North Carolina > 3. Piedmont Region > Hanging Rock State Park > Moore's Wall (Routes) > Sentinel Buttress > Center Buttress",2.8,3,Lead,Onsight,Trad,,90,1500
2023-08-27,"Crackin' Up",5.7,,https://www.mountainproject.com/route/106101938/crackin-up,1,"North Carolina > 3. Piedmont Region > Pilot Mountain > 08. Amphitheater",2.9,-1,Lead,Redpoint,Trad,,50,1800
2023-08-27,"Bat out of Hell",5.11b,"Fell at the 4th bolt after pumping out on the wee baby crimps",https://www.mountainproject.com/route/106504674/bat-out-of-hell,1,"North Carolina > 3. Piedmont Region > Pilot Mountain > 03. Foreign Trade Zone",2.9,-1,Lead,Fell/Hung,"Trad, Sport",,,4900
2023-08-27,Erocktica,5.10c,,https://www.mountainproject.com/route/108245161/erocktica,1,"North Carolina > 3. Piedmont Region > Pilot Mountain > 07. Little Amphitheater",2.7,-1,Lead,Fell/Hung,Sport,,50,3200
2023-08-17,"Old Man's Route",5.2,,https://www.mountainproject.com/route/105917543/old-mans-route,3,"West Virginia > Seneca Rocks > South Peak - West Face > South Peak West Face (Main Area)",2.7,-1,Lead,Onsight,Trad,,,1200
2023-08-15,"Cruizin' South",5.5,"For Guilherme to TR",https://www.mountainproject.com/route/120770362/cruizin-south,1,"Pennsylvania > South Central PA > Safe Harbor > Safe Harbor South > h. The Righteous and the Wicked",2.1,-1,Lead,Onsight,Sport,,85,1500
2023-08-15,Expose',5.11b,"So sick, I had a ton of fun on this one! Getting the onsight was tough and thought provoking ",https://www.mountainproject.com/route/107602407/expose,1,"Pennsylvania > South Central PA > Safe Harbor > Safe Harbor South > g. Autumn Arch Sector",3.1,4,Lead,Onsight,Sport,,80,4900
2023-08-15,"Autumn Arch",5.10b,,https://www.mountainproject.com/route/107379077/autumn-arch,1,"Pennsylvania > South Central PA > Safe Harbor > Safe Harbor South > g. Autumn Arch Sector",3.5,-1,Lead,Onsight,Sport,,85,2900
2023-08-11,"Thin Air",5.6,"Linked pitches 1 and 2, did 4 twice bc a piece of my anchor got stuck, with Masha",https://www.mountainproject.com/route/105904036/thin-air,4,"New Hampshire > *Cathedral Ledge > Thin Air Face",3.4,-1,Lead,Onsight,Trad,,300,1600
2023-07-25,"Childs Play",5.6,,https://www.mountainproject.com/route/105938053/childs-play,1,"New Hampshire > *Cathedral Ledge > The North End",2.0,-1,TR,,Trad,,80,1600
2023-07-25,Recluse,5.11a,"Fell at the crux once, lowered to the ground then sent! Had my hands in the wrong order first go",https://www.mountainproject.com/route/105925036/recluse,1,"New Hampshire > *Cathedral Ledge > The North End",3.0,-1,Lead,Redpoint,Trad,,85,4600
2023-07-25,"Bird's Nest",5.9,"LRS with Revo and micro Trax. Got accosted by a giant spider part way up and he disappeared when I bumped up a cam! Also first time rapping on a munter because my memory is terrible ",https://www.mountainproject.com/route/105924990/birds-nest,2,"New Hampshire > *Cathedral Ledge > The North End",3.3,-1,Lead,Onsight,Trad,,80,2400
2023-07-24,"Standard Route","5.5 R","LRS with Revo and micro Trax. Soloed the first pitch, linked 2 and 3 as well as the final two pitches. Started raining as I was following the very last pitch. Great day out! Climbed behind Daniel and Emily; good quality chatting ",https://www.mountainproject.com/route/105910131/standard-route,13,"New Hampshire > *Whitehorse Ledge > 07. The Slabs",3.4,-1,Lead,Onsight,Trad,,1100,1500
2023-07-17,"Short Shagg",5.9,"Barefoot follow to clean",https://www.mountainproject.com/route/106076046/short-shagg,1,"Maine > a. Western Mountains > Shagg Crag > Main Face",2.1,-1,Follow,,Sport,,,2400
2023-07-17,"Short Shagg",5.9,,https://www.mountainproject.com/route/106076046/short-shagg,1,"Maine > a. Western Mountains > Shagg Crag > Main Face",2.1,-1,Lead,Onsight,Sport,,,2400
2023-07-17,"Rough Rhino",5.8,,https://www.mountainproject.com/route/107111843/rough-rhino,1,"Maine > a. Western Mountains > Shagg Crag > The Rhino Boulder",2.2,-1,Lead,Onsight,Sport,,45,2100
2023-07-17,"Fuzzy Rhino Slippers",5.11c,"Fell on the crux once, then fell to the easy moves below. Gave it a rest on the rope then sent!",https://www.mountainproject.com/route/106596840/fuzzy-rhino-slippers,1,"Maine > a. Western Mountains > Shagg Crag > The Rhino Boulder",3.0,-1,Lead,Redpoint,Sport,,55,5200
2023-07-17,"Short Bob",5.12a,"Made it to the anchors!! Had to french free the crux, but did all the other moves with just a little hangdogging. Growth zone babyyy",https://www.mountainproject.com/route/107111907/short-bob,1,"Maine > a. Western Mountains > Shagg Crag > Main Face",3.3,-1,Lead,Fell/Hung,Sport,,50,6600
2023-07-17,"The Great Escape",5.10b/c,"Suuuper wet, and went too high at the top so I had to take a couple moves shy of the anchors",https://www.mountainproject.com/route/106076035/the-great-escape,1,"Maine > a. Western Mountains > Shagg Crag > Main Face",3.6,-1,Lead,Fell/Hung,Sport,,,3100
2023-07-12,"Whitney Gilman Ridge",5.7,,https://www.mountainproject.com/route/105872668/whitney-gilman-ridge,6,"New Hampshire > *Cannon Cliff > Whitney-Gilman Area",3.7,-1,Lead,Onsight,"Trad, Alpine",,600,1800
2023-07-07,"Dirty Harry",5.11a,"Clean TR to clean",https://www.mountainproject.com/route/119481545/dirty-harry,1,"Maine > -Camden Hills > 02. The Verticals",3.4,4,TR,,"Sport, TR",,60,4600
2023-07-07,"500 Pound Flakeout",5.7+,,https://www.mountainproject.com/route/106217386/500-pound-flakeout,1,"Maine > -Camden Hills > 02. The Verticals",2.9,3,Lead,Flash,"Trad, TR",,60,1900
2023-07-07,"Dirty Harry",5.11a,"Totally my style!",https://www.mountainproject.com/route/119481545/dirty-harry,1,"Maine > -Camden Hills > 02. The Verticals",3.4,4,Lead,Flash,"Sport, TR",,60,4600
2023-07-07,"Charlotte's Crack",5.7,,https://www.mountainproject.com/route/106200046/charlottes-crack,2,"Maine > -Camden Hills > 04. Barrett's Cove Cliff",2.8,2,Lead,Onsight,Trad,,300,1800
2023-06-08,Guillotine,5.10a/b,,https://www.mountainproject.com/route/106867373/guillotine,1,"Maine > -Acadia National Park > Otter Cliffs",3.5,-1,Follow,,"Trad, TR",,40,2800
2023-06-08,"Wonder Wall",5.8-,"Really don't know why people don't like to lead this! It eats up micros with an odd hand and finger sized cam thrown in for good measure. Never placed a nut",https://www.mountainproject.com/route/106034980/wonder-wall,1,"Maine > -Acadia National Park > Otter Cliffs",2.9,-1,Lead,Redpoint,"Trad, TR",,50,2000
2023-06-08,"Peak Performance",5.10a/b,"This climb was greasy as fuck. Abby led to the traverse but it was too wet. I pinkpointed to that point, did the traverse, tried the crimpy face but peeled off because it was so damp and took a chunky whip on a .4. I'll have to come back when it's drier!",https://www.mountainproject.com/route/106112846/peak-performance,1,"Maine > -Acadia National Park > Otter Cliffs",3.0,-1,Lead,Fell/Hung,"Trad, TR",,60,2800
2023-06-08,"Wonder Wall",5.8-,,https://www.mountainproject.com/route/106034980/wonder-wall,1,"Maine > -Acadia National Park > Otter Cliffs",2.9,-1,TR,,"Trad, TR",,50,2000
2023-06-08,"A Dare by the Sea","5.10b/c PG13",,https://www.mountainproject.com/route/106112441/a-dare-by-the-sea,1,"Maine > -Acadia National Park > Otter Cliffs",3.6,-1,Lead,Flash,"Trad, TR",,60,3100
2023-06-08,"Easy Corner (aka ? ""Wonder Corner"" )",5.6,,https://www.mountainproject.com/route/106034970/easy-corner-aka-wonder-corner,1,"Maine > -Acadia National Park > Otter Cliffs",2.3,-1,Follow,,"Trad, TR",,60,1600
2023-06-07,Echoes,"5.11+ PG13","A bunch of falls through the crux. Pretty thin!",https://www.mountainproject.com/route/117721579/echoes,1,"New Hampshire > *Cathedral Ledge > Airation Buttress",3.7,-1,TR,,"Trad, TR",,100,5300
2023-06-07,Recompense,5.9,"Followed the last pitch",https://www.mountainproject.com/route/105880759/recompense,1,"New Hampshire > *Cathedral Ledge > The Prow Area",3.7,-1,Follow,,Trad,,400,2400
2023-06-07,"The Prow",5.11d,"Just led the last pitch. The description is pretty on point, it was super nice!",https://www.mountainproject.com/route/106011864/the-prow,1,"New Hampshire > *Cathedral Ledge > The Prow Area",3.9,-1,Lead,Onsight,Trad,,350,5500
2023-06-07,"Goofer's Delight",5.10a,"Lowered to the top pitch and just did the traverse. Very easy, but a ton of fun and a crowd pleaser!",https://www.mountainproject.com/route/119571589/goofers-delight,1,"New Hampshire > *Cathedral Ledge > Airation Buttress",3.4,-1,Lead,Onsight,Trad,,140,2600
2023-06-05,"The Fastest Gun",5.10b,"Linked up after climbing Bloody Mary. Led to the top of P2 and P3, followed P4. What a climb!! Will have to come back to do the whole thing sometime.
Wild doing those insecure, slabby moves above the two smallest pieces I own (a #1 DMM Peenut and a #0 Z4 equalized with a sliding x)",https://www.mountainproject.com/route/106059289/the-fastest-gun,2,"New York > Adirondacks > Lake Champlain Region > Poke-O-Moonshine > Main Face",3.9,-1,Lead,Onsight,Trad,,500,2900
2023-06-05,"Bloody Mary",5.9+,"Led P1, followed P2. So sick!! I'd like to come back to lead P2 sometime",https://www.mountainproject.com/route/106078832/bloody-mary,2,"New York > Adirondacks > Lake Champlain Region > Poke-O-Moonshine > Main Face",3.7,-1,Lead,Onsight,Trad,,500,2500
2023-06-04,"Slim Pickins",5.9+,"Very fun climb, plenty easy enough to savor without cruxing out",https://www.mountainproject.com/route/106002348/slim-pickins,1,"New York > Adirondacks > Chapel Pond Pass > The Spider's Web",3.4,-1,Lead,Onsight,Trad,,90,2500
2023-06-04,Esthesia,5.10a,"Did the crux roof offwidth style which was a tall order, but it went!",https://www.mountainproject.com/route/106069787/esthesia,1,"New York > Adirondacks > Chapel Pond Pass > The Spider's Web",3.7,-1,Follow,,Trad,,90,2600
2023-06-04,TR,5.10a/b,"What a fight, but rests where you need them!",https://www.mountainproject.com/route/106001608/tr,1,"New York > Adirondacks > Chapel Pond Pass > The Spider's Web",3.6,-1,Lead,Onsight,Trad,,70,2800
2023-06-03,"Good Day",5.10b,"Pretty fun, cruiser climb! Crux is just 'can you crimp hard enough?'",https://www.mountainproject.com/route/119528643/good-day,1,"New York > Adirondacks > Lake George Region > Shelving Rock > 2. Main Wall",3.6,4,Lead,Flash,Sport,,90,2900
2023-06-03,"The Gong Show",5.9-,"Peregrine tried to poop on us while lowering!",https://www.mountainproject.com/route/107884575/the-gong-show,1,"New York > Adirondacks > Lake George Region > Shelving Rock > 2. Main Wall",3.1,3,Lead,Onsight,Trad,5.9-,100,2300
2023-06-03,"Grin and Bear It",5.8+,"Not really sandbagged in my opinion ",https://www.mountainproject.com/route/108352348/grin-and-bear-it,1,"New York > Adirondacks > Lake George Region > Shelving Rock > 2. Main Wall",2.4,-1,Lead,Pinkpoint,Trad,,90,2200
2023-06-03,"Snake Charmer",5.9,,https://www.mountainproject.com/route/108289913/snake-charmer,1,"New York > Adirondacks > Lake George Region > Shelving Rock > 2. Main Wall",2.7,-1,Lead,Onsight,Trad,,100,2400
2023-06-03,"Lunar Manscaping",5.8,,https://www.mountainproject.com/route/108347473/lunar-manscaping,1,"New York > Adirondacks > Lake George Region > Shelving Rock > 2. Main Wall",2.0,-1,Lead,Pinkpoint,Trad,,90,2100
2023-06-01,Birdbrain,"5.12a R","Pretty tough, but I did all the moves! Fell about a billion times though",https://www.mountainproject.com/route/109199024/birdbrain,1,"New York > The Gunks > The Near Trapps > b. Workout Wall",2.8,-1,TR,,"Trad, TR",,80,6600
2023-06-01,"Bird Cage",5.10b,"Damn, the only way to describe the crux is 'thuggy'",https://www.mountainproject.com/route/105799578/bird-cage,1,"New York > The Gunks > The Near Trapps > b. Workout Wall",3.7,-1,Follow,,Trad,,100,2900
2023-06-01,"Transcontinental Nailway",5.10b,"Took a fall after pulling the roof, pumped out trying to find a good enough left hand to clip from. felt like a real sandbag at 10b",https://www.mountainproject.com/route/105799676/transcontinental-nailway,1,"New York > The Gunks > The Near Trapps > b. Workout Wall",3.5,-1,Lead,Fell/Hung,Trad,,100,2900
2023-06-01,Birdland,5.8+,,https://www.mountainproject.com/route/105800395/birdland,1,"New York > The Gunks > The Near Trapps > b. Workout Wall",3.6,-1,Follow,,Trad,,200,2200
2023-05-30,"Ants' Line",5.9,,https://www.mountainproject.com/route/105803260/ants-line,1,"New York > The Gunks > The Trapps > i. High E",3.7,-1,Lead,Onsight,Trad,,80,2400
2023-05-30,"Space Invaders",5.10d,A+,https://www.mountainproject.com/route/105841801/space-invaders,1,"New York > The Gunks > The Trapps > i. High E",2.7,-1,TR,,Trad,,70,3500
2023-05-30,"Bonnie's Roof",5.9,"Led P1, accidentally stopped right after the crux. Followed pitches 2 and 3",https://www.mountainproject.com/route/105801433/bonnies-roof,3,"New York > The Gunks > The Trapps > i. High E",3.9,-1,Lead,Onsight,Trad,,250,2400
2023-05-30,"High Exposure",5.6,"Followed P2, fucking sick",https://www.mountainproject.com/route/105798994/high-exposure,1,"New York > The Gunks > The Trapps > i. High E",3.8,-1,Follow,,Trad,,250,1600
2023-05-30,Directissima,5.9,"Led P1 and P3. Lots of fun, the best way to get to High E but then it's also the only one I've done",https://www.mountainproject.com/route/105799563/directissima,3,"New York > The Gunks > The Trapps > i. High E",3.7,-1,Lead,Onsight,Trad,,120,2400
2023-05-28,"Balcony Arête",5.9-,,https://www.mountainproject.com/route/112779614/balcony-arete,1,"Virginia > DC & Northern VA Region > Great Falls > Juliet's Balcony > Juliet's Balcony - Upper Balcony area",3.1,-1,TR,,"Trad, TR",,35,2300
2023-05-28,Backslider,5.7,,https://www.mountainproject.com/route/106576241/backslider,1,"Virginia > DC & Northern VA Region > Great Falls > Juliet's Balcony > Lower Balcony",2.3,-1,TR,,TR,,25,1800
2023-05-28,Possibilities,5.9,,https://www.mountainproject.com/route/106576247/possibilities,1,"Virginia > DC & Northern VA Region > Great Falls > Juliet's Balcony > Lower Balcony",2.9,-1,TR,,TR,,25,2400
2023-05-28,"Left Stuff",5.7,"Would be a nice least on gear, albeit with a cruxy start",https://www.mountainproject.com/route/106576220/left-stuff,1,"Virginia > DC & Northern VA Region > Great Falls > Juliet's Balcony > Juliet's Balcony - Upper Balcony area",2.1,-1,TR,,TR,,25,1800
2023-05-28,"Right Stuff",5.7,,https://www.mountainproject.com/route/106576212/right-stuff,1,"Virginia > DC & Northern VA Region > Great Falls > Juliet's Balcony > Juliet's Balcony - Upper Balcony area",2.0,-1,TR,,TR,,25,1800
2023-05-24,"Roy Gap Chimney's",5.6,"Followed P1 of Climbin' Punishment, then led P2 of Roy Gap Chimney's ",https://www.mountainproject.com/route/105996084/roy-gap-chimneys,2,"West Virginia > Seneca Rocks > Southern Pillar > Southern Pillar - West Side",2.6,-1,Lead,Onsight,Trad,,220,1600
2023-05-24,Sunshine,"5.10a PG13","Fell once about 10 feet off the deck and almost hit the ground from rope stretch! Got it clean next go. Would be a somewhat spicy lead",https://www.mountainproject.com/route/105910397/sunshine,1,"West Virginia > Seneca Rocks > South Peak - West Face > Southwest Corner",3.1,-1,TR,,Trad,,100,2600
2023-05-24,"Ecstasy Junior",5.4,"Followed P1 to throw a TR on Sunshine and The Burn",https://www.mountainproject.com/route/106044673/ecstasy-junior,1,"West Virginia > Seneca Rocks > South Peak - West Face > Southwest Corner",2.9,-1,Follow,,Trad,,160,1400
2023-05-23,"Block Party",5.8,,https://www.mountainproject.com/route/105868594/block-party,1,"West Virginia > Seneca Rocks > Southern Pillar > Southern Pillar - West Side",2.6,-1,Lead,Onsight,Trad,,40,2100
2023-05-23,Pollux,5.10a,"Fell about 20 feet off the deck after my foot slipped :( Felt really good otherwise, I&#39;m sure I&#39;ll get the send the next time I&#39;m around!",https://www.mountainproject.com/route/105868626/pollux,1,"West Virginia > Seneca Rocks > South Peak - East Face > Upper Broadway",3.4,-1,Lead,Fell/Hung,Trad,,45,2600
2023-05-23,Castor,5.10a,"Walked up it this time, feels really good!! Looks like I've really grown since September",https://www.mountainproject.com/route/105868616/castor,1,"West Virginia > Seneca Rocks > South Peak - East Face > Upper Broadway",3.4,-1,Lead,Redpoint,Trad,,80,2600
2023-05-23,"Madmen Only",5.10a,"Another sick, must-do Seneca 10a! So stoked to get the onsight ",https://www.mountainproject.com/route/105910043/madmen-only,1,"West Virginia > Seneca Rocks > North Peak - West Face",3.4,4,Lead,Onsight,Trad,,100,2600
2023-05-21,"Fear of Flying",5.8,"Awesome climb! Thought provoking crux. Guidebook said it was a must do; guidebook was right",https://www.mountainproject.com/route/106243698/fear-of-flying,1,"West Virginia > Seneca Rocks > Southern Pillar > Southern Pillar - West Side",2.9,4,Lead,Onsight,Trad,,90,2100
2023-05-21,Gebhardt-Dufty,5.7+,"Followed Abby with Will. Quite an adventure of a climb!
Bootied one nut but lost another, ain't that just the way ",https://www.mountainproject.com/route/105998466/gebhardt-dufty,5,"West Virginia > Seneca Rocks > Southern Pillar > Southern Pillar - West Side",2.2,-1,Follow,,Trad,,,1900
2023-05-20,"Old Ladies Route",5.2,"Did the first three pitches of Old Ladies. Followed 1 and 2, led 3. Started dumping rain while setting up the rappel!",https://www.mountainproject.com/route/106587097/old-ladies-route,3,"West Virginia > Seneca Rocks > South Peak - West Face > South Peak West Face (Main Area)",2.7,-1,Lead,Onsight,Trad,,,1200
2023-05-20,"Marshall's Madness - Crack of Dawn",5.10a,"So sick!!! My proudest onsight to date. The top anchors were kinda hard to find, they were higher than I thought they'd be. Just above the second roof way up high",https://www.mountainproject.com/route/105910406/marshalls-madness-crack-of-dawn,2,"West Virginia > Seneca Rocks > South Peak - West Face > South Peak West Face (Main Area)",3.8,4,Lead,Onsight,Trad,,200,2600
2023-05-19,"Old Ladies Route",5.2,"Did the first pitch, enjoyed the notch for a while, then beebopped down",https://www.mountainproject.com/route/106587097/old-ladies-route,1,"West Virginia > Seneca Rocks > South Peak - West Face > South Peak West Face (Main Area)",2.7,-1,Solo,,Trad,,,1200
2023-05-19,"Old Man's Route",5.2,"Soloed most of the first pitch, got to a part I didn't think I'd feel comfortable down climbing, so I hung out a while then came down. A total zoo on the wall today",https://www.mountainproject.com/route/105917543/old-mans-route,1,"West Virginia > Seneca Rocks > South Peak - West Face > South Peak West Face (Main Area)",2.7,-1,Solo,,Trad,,,1200
2023-05-18,Soler,5.7,"Onsighted P2 of Soler. So sick!!!",https://www.mountainproject.com/route/106061731/soler,1,"West Virginia > Seneca Rocks > South Peak - East Face > Upper Broadway",3.6,-1,Lead,Onsight,Trad,,200,1800
2023-05-18,"Conn's East",5.6,"Followed first pitch to access P2 of Soler",https://www.mountainproject.com/route/106449616/conns-east,1,"West Virginia > Seneca Rocks > South Peak - East Face > Upper Broadway",2.9,-1,Follow,,Trad,,250,1600
2023-05-18,"Ye Gods & Little Fishes",5.8,"Onsighted pitch 1. Followed the second two pitches of Skyline Traverse to gain Broadway ledge ",https://www.mountainproject.com/route/106150218/ye-gods-little-fishes,3,"West Virginia > Seneca Rocks > South End",3.1,-1,Lead,Onsight,Trad,,85,2100
2023-05-13,"The Daddy",5.6,"A classic for a reason! A total romp",https://www.mountainproject.com/route/105883690/the-daddy,3,"North Carolina > 2. Northern Mountains Region > Linville Gorge > Amphitheater",3.6,-1,Lead,Onsight,Trad,,500,1600
2023-05-12,"White Lightning",5.8+,"Pitch 1 is way harder than pitch 2, but the movement on pitch 2 was phenomenal!!",https://www.mountainproject.com/route/105925472/white-lightning,2,"North Carolina > 2. Northern Mountains Region > Linville Gorge > Table Rock",3.6,-1,Lead,Onsight,Trad,,200,2200
2023-05-11,"5.5 trad",5.5,"Did a couple scrappy, likely unclimbed pitches at chucky. Total garbage not worth repeating, but found a couple worthy lines to try later",https://www.mountainproject.com/route/115125737/55-trad,2,"* In Progress > Generic Area",1.7,-1,Lead,Onsight,Trad,,,1500
2023-04-23,"Quaker State",5.11a,"TR solo",https://www.mountainproject.com/route/106346381/quaker-state,1,"North Carolina > 3. Piedmont Region > Hanging Rock State Park > Moore's Wall (Routes) > The Amphitheater",3.8,-1,TR,,Trad,,100,4600
2023-04-23,"Raise Hell",5.8,,https://www.mountainproject.com/route/106480040/raise-hell,1,"North Carolina > 3. Piedmont Region > Hanging Rock State Park > Moore's Wall (Routes) > The Amphitheater",2.9,-1,Lead,Onsight,Trad,,120,2100
2023-04-23,Nutsweat,5.9+,,https://www.mountainproject.com/route/106820188/nutsweat,1,"North Carolina > 3. Piedmont Region > Hanging Rock State Park > Moore's Wall (Routes) > North End",3.6,4,Lead,Flash,Trad,5.10a,110,2500
2023-04-23,Nevermore,5.9-,,https://www.mountainproject.com/route/106349863/nevermore,1,"North Carolina > 3. Piedmont Region > Hanging Rock State Park > Moore's Wall (Routes) > North End",2.4,-1,Follow,,Trad,,70,2300
2023-04-16,"Head Jam",5.6,,https://www.mountainproject.com/route/106746165/head-jam,1,"North Carolina > 3. Piedmont Region > Hanging Rock State Park > Moore's Wall (Routes) > Central Wall",2.7,-1,Follow,,Trad,,110,1600
2023-04-16,"Break On Through",5.10a,"&#34;He always does this, he does a big throw and sticks it, then when I get up there, there are plenty of holds and I static it.&#34; - Abby",https://www.mountainproject.com/route/106820153/break-on-through,2,"North Carolina > 3. Piedmont Region > Hanging Rock State Park > Moore's Wall (Routes) > Sentinel Buttress > Circus Wall",3.7,-1,Lead,Flash,Trad,,200,2600
2023-04-09,"Pilot Error (chicken bone right)",5.8+,"TR solo, another lap to end the day",https://www.mountainproject.com/route/118092850/pilot-error-chicken-bone-right,1,"North Carolina > 3. Piedmont Region > Pilot Mountain > 14. Parking Lot",3.1,3,TR,,"Sport, TR",,90,2200
2023-04-09,Skatin',5.11d,"TR solo. Lots of falls trying to establish the pinch. Beta is hold on really hard, pull really hard on the slopey right side pull and get a high right foot",https://www.mountainproject.com/route/122072636/skatin,1,"North Carolina > 3. Piedmont Region > Pilot Mountain > 14. Parking Lot",2.6,-1,TR,,Sport,,30,5500
2023-04-09,"Fat Boy 5.11",5.11a,"TR solo",https://www.mountainproject.com/route/112451103/fat-boy-511,1,"North Carolina > 3. Piedmont Region > Pilot Mountain > 14. Parking Lot",2.8,3,TR,,"Sport, TR",,30,4600
2023-04-09,"Thin to Win",5.10b,"TR solo",https://www.mountainproject.com/route/106614643/thin-to-win,1,"North Carolina > 3. Piedmont Region > Pilot Mountain > 14. Parking Lot",2.3,-1,TR,,"Sport, TR",,80,2900
2023-04-09,Vegomatic,5.7+,"TR solo",https://www.mountainproject.com/route/106101917/vegomatic,1,"North Carolina > 3. Piedmont Region > Pilot Mountain > 14. Parking Lot",2.1,-1,TR,,"Trad, TR",,90,1900
2023-04-09,"Chicken Bone",5.8,"TR solo ",https://www.mountainproject.com/route/106101924/chicken-bone,1,"North Carolina > 3. Piedmont Region > Pilot Mountain > 14. Parking Lot",3.0,2,TR,,"Trad, Sport, TR",,90,2100
2023-04-09,"Pilot Error (chicken bone right)",5.8+,"TR solo, still think it's better than chicken bone ",https://www.mountainproject.com/route/118092850/pilot-error-chicken-bone-right,1,"North Carolina > 3. Piedmont Region > Pilot Mountain > 14. Parking Lot",3.1,3,TR,,"Sport, TR",,90,2200
2023-04-06,"Quaker State",5.11a,,https://www.mountainproject.com/route/106346381/quaker-state,1,"North Carolina > 3. Piedmont Region > Hanging Rock State Park > Moore's Wall (Routes) > The Amphitheater",3.8,-1,TR,,Trad,,100,4600
2023-04-06,"Almost Seven (aka Golden Earring)",5.7,,https://www.mountainproject.com/route/106019633/almost-seven-aka-golden-earring,1,"North Carolina > 3. Piedmont Region > Hanging Rock State Park > Moore's Wall (Routes) > The Amphitheater",2.9,-1,Follow,,Trad,,120,1800
2023-04-06,"Air Show",5.9-,"Way better than Zoo view!!",https://www.mountainproject.com/route/106337238/air-show,2,"North Carolina > 3. Piedmont Region > Hanging Rock State Park > Moore's Wall (Routes) > Sentinel Buttress > Circus Wall",3.8,4,Lead,Onsight,Trad,,180,2300
2023-03-16,"Bedtime for Bonzo",5.6,,https://www.mountainproject.com/route/105871977/bedtime-for-bonzo,2,"Kentucky > Red River Gorge > Northern Gorge > Fortress Wall",3.4,-1,Follow,,Trad,,100,1600
2023-03-15,Scabies,5.9+,"Took some falls to let my belayer practice catching",https://www.mountainproject.com/route/105860576/scabies,1,"Kentucky > Red River Gorge > Northern Gorge > Pebble Beach",2.5,-1,Lead,Fell/Hung,Sport,,40,2500
2023-03-15,Brontosaurus,5.10b,"Fell at the crux after fiddling with gear too long. Gear beta for next time: use all the finger sized pieces you want at the beginning, 4 at the base of the crack, then two 2s, a 3, two .75s, and a 1 at the end if I want to really sew it up before clipping the anchors ",https://www.mountainproject.com/route/105860631/brontosaurus,1,"Kentucky > Red River Gorge > Northern Gorge > Pebble Beach",3.7,4,Lead,Fell/Hung,Trad,,60,2900
2023-03-15,"Environmental Impact",5.7,,https://www.mountainproject.com/route/105860612/environmental-impact,1,"Kentucky > Red River Gorge > Northern Gorge > Pebble Beach",3.2,-1,Lead,Onsight,Trad,,130,1800
2023-03-14,"Souders Crack","5.11 R",,https://www.mountainproject.com/route/106937634/souders-crack,1,"Kentucky > Red River Gorge > Northern Gorge > Long Wall",3.1,-1,TR,,Trad,,80,5000
2023-03-14,Mailbox,5.8+,"Surprisingly in your face towards the end",https://www.mountainproject.com/route/105868688/mailbox,1,"Kentucky > Red River Gorge > Northern Gorge > Long Wall",2.3,-1,Lead,Onsight,Trad,,80,2200
2023-03-14,Yuk,"5.9 PG13","Fell my way up it, off width might not be my thing ehhh",https://www.mountainproject.com/route/105868048/yuk,1,"Kentucky > Red River Gorge > Northern Gorge > Long Wall",3.6,-1,TR,,Trad,,70,2400
2023-03-14,Autumn,5.9,,https://www.mountainproject.com/route/105868022/autumn,1,"Kentucky > Red River Gorge > Northern Gorge > Long Wall",3.7,-1,Lead,Onsight,Trad,,80,2400
2023-03-14,"Rock Wars",5.10a,"one of the best pitches I've climbed in my life!!!",https://www.mountainproject.com/route/105868000/rock-wars,1,"Kentucky > Red River Gorge > Northern Gorge > Long Wall",3.9,4,Lead,Onsight,Trad,5.10a,110,2600
2023-03-13,"Super Best Friends",5.12a/b,"Made it a couple clips into the overhang before yeeting down",https://www.mountainproject.com/route/106852348/super-best-friends,1,"Kentucky > Red River Gorge > Muir Valley > The Solarium",3.8,-1,Lead,Fell/Hung,Sport,,95,6800
2023-03-13,"Stay Off the Radio Jeff!",5.9+,,https://www.mountainproject.com/route/107596000/stay-off-the-radio-jeff,1,"Kentucky > Red River Gorge > Muir Valley > Bruise Brothers Wall",2.5,-1,Lead,Onsight,Sport,,50,2500
2023-03-13,"The Bee's Business",5.7+,,https://www.mountainproject.com/route/107116591/the-bees-business,1,"Kentucky > Red River Gorge > Muir Valley > Bruise Brothers Wall",2.5,-1,Lead,Onsight,Sport,,60,1900
2023-03-13,"Air Ride Equipped",5.11a,,https://www.mountainproject.com/route/106586504/air-ride-equipped,1,"Kentucky > Red River Gorge > Muir Valley > The Solarium",3.6,-1,Lead,Onsight,Sport,,65,4600
2023-03-11,"Caver's Route","5.3 R","So fun!! A much more mellow, enjoyable version of Chamine Stop ",https://www.mountainproject.com/route/105882024/cavers-route,4,"Kentucky > Red River Gorge > Northern Gorge > Tower Rock",3.6,-1,Lead,Onsight,Trad,,200,1300
2023-02-26,"Rainy Day Women","5.10a R","TR pitch 1. An amazing pitch; great movement and tenuous slab climbing. Crux is in the first ~15ft. Probably not one to lead!",https://www.mountainproject.com/route/107753621/rainy-day-women,1,"North Carolina > 3. Piedmont Region > Stone Mountain > Stone Mountain South Face",3.3,-1,TR,,Trad,,400,2600
2023-02-26,"Entrance Crack","5.5 R",,https://www.mountainproject.com/route/106043562/entrance-crack,1,"North Carolina > 3. Piedmont Region > Stone Mountain > Stone Mountain South Face",1.9,-1,Lead,Redpoint,Trad,,90,1500
2023-02-26,Yardarm,"5.8 PG13","Led all three pitches. Stoked to get the onsight! Never. Again.",https://www.mountainproject.com/route/106138197/yardarm,3,"North Carolina > 3. Piedmont Region > Stone Mountain > Stone Mountain South Face",2.8,-1,Lead,Onsight,Trad,,300,2100
2023-02-19,"5.11d sport",5.11d,"Skin Toy at Sauratown. 4 star pitch, would really like to go back for the lead, but the super high first bolt requires a stick clip. ",https://www.mountainproject.com/route/112166335/511d-sport,1,"* In Progress > Generic Area",3.3,-1,TR,,Sport,,,5500
2023-02-19,"5.10a sport",5.10a,"Green Arrow at Sauratown.",https://www.mountainproject.com/route/112166313/510a-sport,1,"* In Progress > Generic Area",2.6,-1,Lead,Onsight,Sport,,,2600
2023-02-19,"5.10b sport",5.10b,"DC Comics at Sauratown. Incredible pitch, 4 stars for sure",https://www.mountainproject.com/route/112166299/510b-sport,1,"* In Progress > Generic Area",2.8,-1,Lead,Onsight,Sport,,,2900
2023-02-18,"5.11d trad",5.11d,"Deadbeat Dad Club at Sauratown. Took a huge, cartwheeling whip on a .3 just above the ledge. Get a good .5 just above the lip to protect those moves a little better",https://www.mountainproject.com/route/112169094/511d-trad,1,"* In Progress > Generic Area",3.0,-1,Lead,Fell/Hung,Trad,,,5500
2023-02-18,"5.10b sport",5.10b,"Pilots License at Sauratown",https://www.mountainproject.com/route/112166299/510b-sport,1,"* In Progress > Generic Area",2.8,-1,Lead,Onsight,Sport,,,2900
2023-02-18,"5.8 sport",5.8,"Kish Dish at Sauratown",https://www.mountainproject.com/route/112166269/58-sport,1,"* In Progress > Generic Area",2.6,-1,Lead,Redpoint,Sport,,,2100
2023-02-18,"5.10d sport",5.10d,"I&#39;ll Be Danned at Sauratown. A ton of fun, loved the movement through the second roof!",https://www.mountainproject.com/route/112166322/510d-sport,1,"* In Progress > Generic Area",2.8,-1,Lead,Onsight,Sport,,,3500
2023-02-18,"5.7 trad",5.7,"5.7 Corner at Sauratown",https://www.mountainproject.com/route/112166285/57-trad,1,"* In Progress > Generic Area",3.0,-1,Lead,Onsight,Trad,,,1800
2023-02-05,Novi,5.7,,https://www.mountainproject.com/route/120348083/novi,1,"North Carolina > 3. Piedmont Region > Pilot Mountain > 11.  Fear of Flying",2.5,-1,Lead,Redpoint,Sport,,90,1800
2023-02-05,"Anchors Away",5.11d,"Fell several times at the last bolt. Beta: get the shitty crimp on the arete with the left hand, get the shitty orange crimp with the right hand, dead point to the good hold with the right hand. Bring a .75 and 1 for the runout between 5th and 6th bolt ",https://www.mountainproject.com/route/108415456/anchors-away,1,"North Carolina > 3. Piedmont Region > Pilot Mountain > 12. Big Arete",2.8,-1,Lead,Fell/Hung,Sport,,73,5500
2023-02-05,Unknown,5.8,"Saw a plane do a barrel roll right off the cliff line while setting up the top rope; incredible!!",https://www.mountainproject.com/route/112495954/unknown,1,"North Carolina > 3. Piedmont Region > Pilot Mountain > 12. Big Arete",2.2,-1,TR,,TR,,30,2100
2023-02-05,"Devil in the White House",5.10c/d,,https://www.mountainproject.com/route/106955638/devil-in-the-white-house,1,"North Carolina > 3. Piedmont Region > Pilot Mountain > 10. Devil in the White House",3.2,-1,Lead,Redpoint,Sport,,60,3400
2023-01-28,"The Pulpit",5.8,"Awesome climb! Some long run-outs here and there, but always pro where you need it. Crossing the water groove to the oasis was a bit spicy, but it went",https://www.mountainproject.com/route/105894448/the-pulpit,5,"North Carolina > 3. Piedmont Region > Stone Mountain > Stone Mountain South Face",3.1,-1,Lead,Onsight,Trad,,800,2100
2023-01-16,"Left Of Time",5.7,,https://www.mountainproject.com/route/109437922/left-of-time,1,"North Carolina > 3. Piedmont Region > Rocky Face Recreational Area > Section 4",2.7,-1,Lead,Redpoint,"Sport, TR",,40,1800
2023-01-16,Hardman,5.11b,"Clean TR",https://www.mountainproject.com/route/108556904/hardman,1,"North Carolina > 3. Piedmont Region > Rocky Face Recreational Area > Section 4",3.0,-1,TR,,Sport,,,4900
2023-01-16,Bullistics,5.10b,,https://www.mountainproject.com/route/108631080/bullistics,1,"North Carolina > 3. Piedmont Region > Rocky Face Recreational Area > Section 5 > Upper Tier",3.2,-1,Lead,Redpoint,Sport,,40,2900
2023-01-16,"Hidden-mite short",5.9+,,https://www.mountainproject.com/route/108597661/hidden-mite-short,1,"North Carolina > 3. Piedmont Region > Rocky Face Recreational Area > Section 5 > Lower Tier",2.5,-1,Follow,,Sport,,45,2500
2023-01-15,"Mr. Henar","5.12a/b PG13","Made it to the anchors this time! Still just as janky as my first go today though",https://www.mountainproject.com/route/107589807/mr-henar,1,"North Carolina > 3. Piedmont Region > Pilot Mountain > 08. Amphitheater",3.5,-1,Lead,Fell/Hung,Sport,,70,6800
2023-01-15,"Mr. Henar","5.12a/b PG13","Got it clean up to the second perma. The left hand crimp was super wet, but I did the move. Got up to the face above the third perma, then got stumped at the face. Next time!",https://www.mountainproject.com/route/107589807/mr-henar,1,"North Carolina > 3. Piedmont Region > Pilot Mountain > 08. Amphitheater",3.5,-1,Lead,Fell/Hung,Sport,,70,6800
2023-01-15,"Any Major Dude",5.11c,"Finally got it!",https://www.mountainproject.com/route/107067511/any-major-dude,1,"North Carolina > 3. Piedmont Region > Pilot Mountain > 06. Three Bears",3.1,-1,Lead,Redpoint,"Sport, TR",,30,5200
2023-01-15,"When Shrimp Learn to Whistle",5.11b,"Another fall at the crux. Found the key foot jib on the arete just above the lame slopey foot. Hard to see with the arete in the way",https://www.mountainproject.com/route/107083592/when-shrimp-learn-to-whistle,1,"North Carolina > 3. Piedmont Region > Pilot Mountain > 08. Amphitheater",2.3,-1,Lead,Fell/Hung,Sport,,60,4900
2023-01-15,"When Shrimp Learn to Whistle",5.11b,"Fell once at the crux, it's hella tricky!",https://www.mountainproject.com/route/107083592/when-shrimp-learn-to-whistle,2,"North Carolina > 3. Piedmont Region > Pilot Mountain > 08. Amphitheater",2.3,-1,Lead,Fell/Hung,Sport,,60,4900
2023-01-03,"The 8th Sin",5.11d,"Two burns on this. The whole place was sopping wet, so we were only able to slap the 4th bolt, but we had a ton of fun doing it!",https://www.mountainproject.com/route/106786489/the-8th-sin,2,"North Carolina > 2. Northern Mountains Region > Linville Gorge > Gold Coast Cliffs > The Underworld",3.2,-1,Lead,Fell/Hung,Sport,,,5500
2023-01-02,"Unwritten Law",5.12b/c,"Fell at the 4th bolt dead point, then got it. Fell a bunch of times at the crux dyno but couldn't stick it. Lost a bunch of skin from my right hand slipping off it!",https://www.mountainproject.com/route/106107118/unwritten-law,1,"North Carolina > 2. Northern Mountains Region > The Dump > The Dump aka Warpin and Dorphin (Routes)",3.6,-1,Lead,Fell/Hung,Sport,,45,7100
2023-01-02,"Boyz “N” Barry D",5.11a,"Very fun. A few spooky moves where it's all in the rubber keeping you up",https://www.mountainproject.com/route/107417347/boyz-n-barry-d,1,"North Carolina > 2. Northern Mountains Region > The Dump > The Dump aka Warpin and Dorphin (Routes)",2.8,-1,Lead,Flash,Sport,,,4600
2023-01-02,"Voodoo Child",5.11a,"Climbed it again bc Paul showed up. I climbed so much more smoothly with him watching!",https://www.mountainproject.com/route/106562232/voodoo-child,1,"North Carolina > 2. Northern Mountains Region > The Dump > The Dump aka Warpin and Dorphin (Routes)",2.9,-1,Lead,Redpoint,Sport,,,4600
2023-01-02,"Voodoo Child",5.11a,"Fell before the first bolt. Repointed on the second try!",https://www.mountainproject.com/route/106562232/voodoo-child,1,"North Carolina > 2. Northern Mountains Region > The Dump > The Dump aka Warpin and Dorphin (Routes)",2.9,-1,Lead,Redpoint,Sport,,,4600
2022-12-30,Deceivious,5.11,"TR burn to practice beta, one take. ",https://www.mountainproject.com/route/108404925/deceivious,1,"North Carolina > 3. Piedmont Region > Hanging Rock State Park > Cooks Wall > The Cookbook Area > The Cookbook > Emla area",3.4,-1,TR,,Sport,,70,5000
2022-12-30,Deceivious,5.11,"Took several times, it gets pretty pumpy! An awesome route, new project probably",https://www.mountainproject.com/route/108404925/deceivious,1,"North Carolina > 3. Piedmont Region > Hanging Rock State Park > Cooks Wall > The Cookbook Area > The Cookbook > Emla area",3.4,-1,Lead,Fell/Hung,Sport,,70,5000
2022-12-30,"Grace Under Pressure",5.10b,,https://www.mountainproject.com/route/108604962/grace-under-pressure,1,"North Carolina > 3. Piedmont Region > Hanging Rock State Park > Cooks Wall > The Cookbook Area > The Cookbook > Emla area",3.2,-1,Lead,Onsight,Trad,,80,2900
2022-12-27,"NE end flows",WI3,"Clean. First line, furthest left. Went on the left side of the flow for fun, which made it a bit tougher",https://www.mountainproject.com/route/108603472/ne-end-flows,1,"North Carolina > 3. Piedmont Region > Doughton Park (ice)",3.0,-1,TR,,"TR, Ice",,40,32000
2022-12-27,"NE end flows",WI3,"Clean. First one again",https://www.mountainproject.com/route/108603472/ne-end-flows,1,"North Carolina > 3. Piedmont Region > Doughton Park (ice)",3.0,-1,TR,,"TR, Ice",,40,32000
2022-12-27,"NE end flows",WI3,"Clean, second line, one on the right",https://www.mountainproject.com/route/108603472/ne-end-flows,1,"North Carolina > 3. Piedmont Region > Doughton Park (ice)",3.0,-1,TR,,"TR, Ice",,40,32000
2022-12-27,"NE end flows",WI3,"Clean - First line, furthest left. This one was way bigger than the pictures from 2014 and quite vertical. Made it closer to WI4",https://www.mountainproject.com/route/108603472/ne-end-flows,1,"North Carolina > 3. Piedmont Region > Doughton Park (ice)",3.0,-1,TR,,"TR, Ice",,40,32000
2022-12-27,WI3-,WI3-,"Clean - Daughton, NC",https://www.mountainproject.com/route/120130830/wi3,1,"* In Progress > Generic Area",3.0,-1,TR,,Ice,,,31750
2022-12-27,WI3-,WI3-,"1 fall high - Daughton, NC",https://www.mountainproject.com/route/120130830/wi3,1,"* In Progress > Generic Area",3.0,-1,TR,,Ice,,,31750
2022-12-27,WI3-,WI3-,"1 fall low - Daughton, NC",https://www.mountainproject.com/route/120130830/wi3,1,"* In Progress > Generic Area",3.0,-1,TR,,Ice,,,31750
2022-12-19,"The Dish",5.9,"LRS w/ Revo",https://www.mountainproject.com/route/106921628/the-dish,1,"North Carolina > 3. Piedmont Region > Crowders Mountain > Main Climbing Areas > 03. David's Castle (backside)",2.3,-1,Lead,Onsight,"Trad, TR",,,2400
2022-12-19,"Ooga Chocka",5.8,"LRS w/ Revo. Didn't end up using many jams, but a good time nonetheless!",https://www.mountainproject.com/route/106101407/ooga-chocka,1,"North Carolina > 3. Piedmont Region > Crowders Mountain > Main Climbing Areas > 03. David's Castle (backside)",2.7,-1,Lead,Onsight,"Trad, TR",,70,2100
2022-12-19,Electra,5.10c,"2x TR solo pitches, definitely a pump-fest!",https://www.mountainproject.com/route/106101380/electra,2,"North Carolina > 3. Piedmont Region > Crowders Mountain > Main Climbing Areas > 04. David's Castle Wall",3.1,-1,TR,,Sport,,50,3200
2022-12-19,Caterpillar,5.7+,"LRS w/ Revo. One extra TR solo pitch to clean",https://www.mountainproject.com/route/106101415/caterpillar,2,"North Carolina > 3. Piedmont Region > Crowders Mountain > Main Climbing Areas > 04. David's Castle Wall",3.2,-1,Lead,Onsight,"Trad, TR",,80,1900
2022-12-12,"Left Of Time",5.7,"Nice romp, lots of fun jams",https://www.mountainproject.com/route/109437922/left-of-time,1,"North Carolina > 3. Piedmont Region > Rocky Face Recreational Area > Section 4",2.7,-1,Lead,Onsight,"Sport, TR",,40,1800
2022-12-12,"The Twins Right",5.9+,,https://www.mountainproject.com/route/108556955/the-twins-right,1,"North Carolina > 3. Piedmont Region > Rocky Face Recreational Area > Section 2",2.5,-1,Lead,Onsight,Sport,,,2500
2022-12-12,Hardman,5.11b,"Got it after remembering my beta!",https://www.mountainproject.com/route/108556904/hardman,1,"North Carolina > 3. Piedmont Region > Rocky Face Recreational Area > Section 4",3.0,-1,Lead,Redpoint,Sport,,,4900
2022-12-12,Hardman,5.11b,"One fall at the first crux; forgot my beta!",https://www.mountainproject.com/route/108556904/hardman,1,"North Carolina > 3. Piedmont Region > Rocky Face Recreational Area > Section 4",3.0,-1,Lead,Fell/Hung,Sport,,,4900
2022-12-12,"Mr. Aidman's Free",5.11a,"One fall at the crux, slapped for the sloper out right. Had a fun time doing it, though!",https://www.mountainproject.com/route/108556932/mr-aidmans-free,1,"North Carolina > 3. Piedmont Region > Rocky Face Recreational Area > Section 4",3.0,-1,Lead,Fell/Hung,Sport,,,4600
2022-12-12,"Black Hole",5.10d,,https://www.mountainproject.com/route/108577075/black-hole,1,"North Carolina > 3. Piedmont Region > Rocky Face Recreational Area > Section 4",2.7,-1,Lead,Redpoint,Sport,,50,3500
2022-12-12,"Crimps and Slopers",5.10b/c,"Tricky onsight, a ton of fun!",https://www.mountainproject.com/route/108577066/crimps-and-slopers,1,"North Carolina > 3. Piedmont Region > Rocky Face Recreational Area > Section 4",2.6,-1,Lead,Onsight,Sport,,50,3100
2022-12-12,"Flight Time",5.7+,,https://www.mountainproject.com/route/108556815/flight-time,1,"North Carolina > 3. Piedmont Region > Rocky Face Recreational Area > Section 4",2.8,-1,Lead,Redpoint,Sport,,,1900
2022-12-09,"5.10b sport",5.10b,"Lust in a Cheap Motel at s-town. Very wet patch due to the rain so we put up a TR. Pretty fun route, would be a very good lead in better conditions :)",https://www.mountainproject.com/route/112166299/510b-sport,1,"* In Progress > Generic Area",2.8,-1,TR,,Sport,,,2900
2022-12-09,"5.10b/c sport",5.10b/c,"Barbs World / Leisure Time at s-town. Another send just for fun, since everything else was wet",https://www.mountainproject.com/route/118779761/510bc-sport,1,"* In Progress > Generic Area",2.9,-1,Lead,Redpoint,Sport,,,3100
2022-12-09,"5.10b/c sport",5.10b/c,"Barbs World / Leisure Time at s-town. Super fun route, loved it! Very crimpy, techy face climbing",https://www.mountainproject.com/route/118779761/510bc-sport,1,"* In Progress > Generic Area",2.9,-1,Lead,Onsight,Sport,,,3100
2022-12-09,"5.8 sport",5.8,"Kish Dish at s-town. A little damp, but do-able!",https://www.mountainproject.com/route/112166269/58-sport,1,"* In Progress > Generic Area",2.6,-1,Lead,Redpoint,Sport,,,2100
2022-12-05,Quickdraw,5.11b,"Loved it, such fun movement!!",https://www.mountainproject.com/route/108556917/quickdraw,1,"North Carolina > 3. Piedmont Region > Rocky Face Recreational Area > Section 4",2.6,-1,Lead,Redpoint,Sport,,,4900
2022-12-05,"Sunny Day",5.8,"Lead to clean",https://www.mountainproject.com/route/108540528/sunny-day,1,"North Carolina > 3. Piedmont Region > Rocky Face Recreational Area > Section 2",2.7,-1,Lead,Redpoint,Sport,,50,2100
2022-12-05,"Sunny Day",5.8,"LRS to put up a top rope for the siblings",https://www.mountainproject.com/route/108540528/sunny-day,1,"North Carolina > 3. Piedmont Region > Rocky Face Recreational Area > Section 2",2.7,-1,Lead,Redpoint,Sport,,50,2100
2022-11-13,Hardman,5.11b,,https://www.mountainproject.com/route/108556904/hardman,1,"North Carolina > 3. Piedmont Region > Rocky Face Recreational Area > Section 4",3.0,-1,Lead,Fell/Hung,Sport,,,4900
2022-11-13,"Double Roof Ballet",5.11c,,https://www.mountainproject.com/route/108556942/double-roof-ballet,1,"North Carolina > 3. Piedmont Region > Rocky Face Recreational Area > Section 4",2.9,-1,Lead,Fell/Hung,Sport,,,5200
2022-11-13,Quickdraw,5.11b,,https://www.mountainproject.com/route/108556917/quickdraw,1,"North Carolina > 3. Piedmont Region > Rocky Face Recreational Area > Section 4",2.6,-1,Lead,Fell/Hung,Sport,,,4900
2022-11-13,"Blast in Black",5.9+,,https://www.mountainproject.com/route/108540246/blast-in-black,1,"North Carolina > 3. Piedmont Region > Rocky Face Recreational Area > Section 4",2.6,-1,Lead,Redpoint,Sport,,50,2500
2022-11-12,Boardwalk,5.8,"Led P1, followed Abby on P2",https://www.mountainproject.com/route/105887636/boardwalk,2,"North Carolina > 2. Northern Mountains Region > Ship Rock > Main Tier",3.7,-1,Lead,Onsight,Trad,,130,2100
2022-11-12,"Anguish of Captain Bligh",5.11,"First .11 on gear! Sick lead on bomber pro!",https://www.mountainproject.com/route/105887722/anguish-of-captain-bligh,1,"North Carolina > 2. Northern Mountains Region > Ship Rock > Main Tier",3.3,4,Lead,Redpoint,Trad,5.11b/c,50,5000
2022-11-12,"Anguish of Captain Bligh",5.11,"clean, checked out gear",https://www.mountainproject.com/route/105887722/anguish-of-captain-bligh,1,"North Carolina > 2. Northern Mountains Region > Ship Rock > Main Tier",3.3,4,TR,,Trad,5.11b/c,50,5000
2022-11-12,Harpoon,5.10a,,https://www.mountainproject.com/route/105887719/harpoon,1,"North Carolina > 2. Northern Mountains Region > Ship Rock > Main Tier",3.2,-1,Lead,Onsight,Trad,,50,2600
2022-10-29,"The Great Arch",5.5,"Spooky climb again. Climbed past a cute little tree frog on pitch 3",https://www.mountainproject.com/route/105887520/the-great-arch,3,"North Carolina > 3. Piedmont Region > Stone Mountain > Stone Mountain South Face",3.5,-1,Lead,Redpoint,Trad,,400,1500
2022-10-29,"Block Route","5.7+ PG13","Spooky climb! Love the friction, what a fun climb",https://www.mountainproject.com/route/105929999/block-route,1,"North Carolina > 3. Piedmont Region > Stone Mountain > Stone Mountain South Face",2.7,-1,Lead,Redpoint,Trad,,150,1900
2022-10-23,"Pillar Assault",5.8,,https://www.mountainproject.com/route/122188809/pillar-assault,1,"North Carolina > 3. Piedmont Region > Pilot Mountain > 12. Big Arete",2.7,-1,Lead,Redpoint,Sport,,80,2100
2022-10-23,"Pillar Assault",5.8,,https://www.mountainproject.com/route/122188809/pillar-assault,1,"North Carolina > 3. Piedmont Region > Pilot Mountain > 12. Big Arete",2.7,-1,Lead,Redpoint,Sport,,80,2100
2022-10-23,Scarface,5.6,,https://www.mountainproject.com/route/106130355/scarface,1,"North Carolina > 3. Piedmont Region > Pilot Mountain > 02. The Beach",2.1,-1,TR,,TR,,40,1600
2022-10-23,"Overhang Hangover",5.11b,Whooo!!!,https://www.mountainproject.com/route/106988580/overhang-hangover,1,"North Carolina > 3. Piedmont Region > Pilot Mountain > 08. Amphitheater",3.1,-1,Lead,Redpoint,Sport,,60,4900
2022-10-23,"Pee Break",5.6,,https://www.mountainproject.com/route/106106881/pee-break,1,"North Carolina > 3. Piedmont Region > Pilot Mountain > 07. Little Amphitheater",2.4,-1,TR,,"Trad, TR",,50,1600
2022-10-23,"Grandpa's Belay",5.6,,https://www.mountainproject.com/route/106130375/grandpas-belay,1,"North Carolina > 3. Piedmont Region > Pilot Mountain > 07. Little Amphitheater",2.4,-1,TR,,"Trad, TR",,50,1600
2022-10-22,"Burning Calves",5.10b,"SO stoked, amazing line",https://www.mountainproject.com/route/106001499/burning-calves,1,"West Virginia > The New River Gorge Region > New River Gorge Proper > Beauty Mountain > 5) Burning Buttress",3.8,4,Lead,Redpoint,Trad,,70,2900
2022-10-22,"Out of Mind",5.10a,"Followed Abby",https://www.mountainproject.com/route/106023149/out-of-mind,1,"West Virginia > The New River Gorge Region > New River Gorge Proper > Beauty Mountain > 3) The Brain",2.1,-1,Follow,,Trad,,70,2600
2022-10-22,"Rod Serling Crack",5.10b,"Totally epic!!",https://www.mountainproject.com/route/106127068/rod-serling-crack,1,"West Virginia > The New River Gorge Region > New River Gorge Proper > Beauty Mountain > 5) Burning Buttress",3.7,-1,Lead,Onsight,Trad,,75,2900
2022-10-22,"Quick Robin, to the Batcrack!",5.10-,,https://www.mountainproject.com/route/106021084/quick-robin-to-the-batcrack,1,"West Virginia > The New River Gorge Region > New River Gorge Proper > Beauty Mountain > 6) Middle Beauty",3.0,-1,Lead,Onsight,Trad,,80,2700
2022-10-22,"Happy Hands",5.9,"Followed Abby. Love the jams!!",https://www.mountainproject.com/route/106023184/happy-hands,1,"West Virginia > The New River Gorge Region > New River Gorge Proper > Beauty Mountain > 5) Burning Buttress",2.8,-1,Follow,,Trad,,70,2400
2022-10-21,"Baby Has a Bolt Gun",5.10c,"Dynoed at the second bolt to skip the tiny crimps. shit tons of fun! Almost fell at the thin cruxy section but managed to pull through ",https://www.mountainproject.com/route/106818549/baby-has-a-bolt-gun,1,"West Virginia > The New River Gorge Region > Summersville (Gauley River) Area > Summersville Lake (main) > Orange Oswald Wall",3.1,-1,Lead,Onsight,Sport,,80,3200
2022-10-21,"Hippie Dreams",5.7,"Taught Sophia to lead belay, made for a bit of spice!",https://www.mountainproject.com/route/105992273/hippie-dreams,1,"West Virginia > The New River Gorge Region > Summersville (Gauley River) Area > Summersville Lake (main) > Orange Oswald Wall",3.0,-1,Lead,Redpoint,Sport,,75,1800
2022-10-20,Narcissus,5.12a,"Fell at the third bolt, then pretty much climbed bolt to bolt to the top",https://www.mountainproject.com/route/105918466/narcissus,1,"West Virginia > The New River Gorge Region > Summersville (Gauley River) Area > Summersville Lake (main) > Narcissus Cave",3.6,-1,Lead,Fell/Hung,Sport,,55,6600
2022-10-20,"The Rico Suave Arete aka Rico Suave",5.10a,"One more lead to clean",https://www.mountainproject.com/route/105963848/the-rico-suave-arete-aka-rico-suave,1,"West Virginia > The New River Gorge Region > New River Gorge Proper > Kaymoor > 3. Rico Suave Buttress",3.5,-1,Lead,Redpoint,Sport,,70,2600
2022-10-20,"Sand in My Crack (Cuddle Monkey)",5.7,,https://www.mountainproject.com/route/107792683/sand-in-my-crack-cuddle-monkey,1,"West Virginia > The New River Gorge Region > New River Gorge Proper > Kaymoor > 3. Rico Suave Buttress",2.5,-1,Lead,Onsight,Trad,,50,1800
2022-10-20,"Second Thoughts",5.9+,,https://www.mountainproject.com/route/106137047/second-thoughts,1,"West Virginia > The New River Gorge Region > New River Gorge Proper > Kaymoor > 3. Rico Suave Buttress",2.9,-1,Lead,Onsight,Trad,,50,2500
2022-10-20,"The Rico Suave Arete aka Rico Suave",5.10a,Sick,https://www.mountainproject.com/route/105963848/the-rico-suave-arete-aka-rico-suave,1,"West Virginia > The New River Gorge Region > New River Gorge Proper > Kaymoor > 3. Rico Suave Buttress",3.5,-1,Lead,Onsight,Sport,,70,2600
2022-10-20,Yowsah,5.12b,"Fell just after attempting to clip the fifth bolt, then just shooting for as far as I could get",https://www.mountainproject.com/route/106019602/yowsah,1,"West Virginia > The New River Gorge Region > New River Gorge Proper > Kaymoor > 1. The Hole",3.1,-1,Lead,Fell/Hung,Sport,,60,6900
2022-10-20,Yowsah,5.12b,"Fell at the fourth bolt. Super fun!!",https://www.mountainproject.com/route/106019602/yowsah,1,"West Virginia > The New River Gorge Region > New River Gorge Proper > Kaymoor > 1. The Hole",3.1,-1,Lead,Fell/Hung,Sport,,60,6900
2022-10-08,"Born to Crimp",5.11a,,https://www.mountainproject.com/route/109770639/born-to-crimp,1,"North Carolina > 3. Piedmont Region > Pilot Mountain > 08. Amphitheater",2.7,-1,Lead,Flash,Sport,,50,4600
2022-10-08,"Turkey Shoot",5.8,"Slopey, insecure moves often on run-outs, but it's all there!",https://www.mountainproject.com/route/106101943/turkey-shoot,1,"North Carolina > 3. Piedmont Region > Pilot Mountain > 08. Amphitheater",2.3,-1,Lead,Flash,Sport,,50,2100
2022-10-08,"True Grits",5.8+,,https://www.mountainproject.com/route/121956489/true-grits,1,"North Carolina > 3. Piedmont Region > Pilot Mountain > 13. Ground Up aka Big Gully",2.9,-1,Lead,Redpoint,Sport,,80,2200
2022-10-08,Casablanca,5.10a/b,,https://www.mountainproject.com/route/122031844/casablanca,1,"North Carolina > 3. Piedmont Region > Pilot Mountain > 13. Ground Up aka Big Gully",2.9,-1,Lead,Redpoint,Sport,,40,2800
2022-10-08,"Fat Boy 5.11",5.11a,"seriously fun!",https://www.mountainproject.com/route/112451103/fat-boy-511,1,"North Carolina > 3. Piedmont Region > Pilot Mountain > 14. Parking Lot",2.8,3,Lead,Flash,"Sport, TR",,30,4600
2022-10-08,"Devil in the White House",5.10c/d,"Fun fun fun! Climbed this the smoothest I ever have this time ",https://www.mountainproject.com/route/106955638/devil-in-the-white-house,1,"North Carolina > 3. Piedmont Region > Pilot Mountain > 10. Devil in the White House",3.2,-1,Lead,Redpoint,Sport,,60,3400
2022-10-08,"Overhang Hangover",5.11b,"Crux beta: right hand on the shitty crimp, left hand way out left to the other shitty crimp, right hand to the okay one(leave room for the left), match with the left, dead point for the juggy corner. home free!",https://www.mountainproject.com/route/106988580/overhang-hangover,1,"North Carolina > 3. Piedmont Region > Pilot Mountain > 08. Amphitheater",3.1,-1,Lead,Fell/Hung,Sport,,60,4900
2022-10-08,"Too Old to Rock and Roll",5.10c,"Cruised the crux, felt really good",https://www.mountainproject.com/route/106504947/too-old-to-rock-and-roll,1,"North Carolina > 3. Piedmont Region > Pilot Mountain > 08. Amphitheater",2.5,-1,Lead,Redpoint,Sport,,,3200
2022-09-26,Hopscotch,5.3,"Led a long P1, soloed the second pitch while Abby was making her anchor. Climbed barefoot for fun",https://www.mountainproject.com/route/106862776/hopscotch,2,"North Carolina > 3. Piedmont Region > Hanging Rock State Park > Moore's Wall (Routes) > Central Wall",2.1,-1,Lead,Onsight,Trad,,140,1300
2022-09-26,"Wailing Wall",5.6,"followed Abby, did two pitches for communication",https://www.mountainproject.com/route/106019639/wailing-wall,2,"North Carolina > 3. Piedmont Region > Hanging Rock State Park > Moore's Wall (Routes) > The Amphitheater",3.7,-1,Follow,,Trad,,120,1600
2022-09-26,"Zoo View",5.7+,"Took the low traverse option, high is definitely better",https://www.mountainproject.com/route/105932744/zoo-view,1,"North Carolina > 3. Piedmont Region > Hanging Rock State Park > Moore's Wall (Routes) > Sentinel Buttress > Circus Wall",3.8,-1,Lead,Redpoint,Trad,,220,1900
2022-09-26,"Sentinel Buttress",5.5,"Followed Abby. she ran low on gear on pitch 2 so I led a final pitch of just about 15 feet or so",https://www.mountainproject.com/route/106175435/sentinel-buttress,3,"North Carolina > 3. Piedmont Region > Hanging Rock State Park > Moore's Wall (Routes) > Sentinel Buttress > Center Buttress",2.8,-1,Follow,,Trad,,200,1500
2022-09-25,Butterfingers,5.10d,"Burly climb to begin with, then thin face moves. Good stuff!",https://www.mountainproject.com/route/122281487/butterfingers,1,"North Carolina > 3. Piedmont Region > Pilot Mountain > 12. Big Arete",2.7,3,Lead,Redpoint,Sport,,60,3500
2022-09-25,"Hidden in Plain Sight",5.11a,"Fell trying to clip the second clip through the crux. Beta for next time: climb up through slopers to the right hand next to the side pull. Left heelhook to get the left hand to the good side pull, smear the left foot to lock off those two holds and shoot the right hand to the jug",https://www.mountainproject.com/route/122233245/hidden-in-plain-sight,1,"North Carolina > 3. Piedmont Region > Pilot Mountain > 11.  Fear of Flying",2.0,-1,Lead,Fell/Hung,Sport,,80,4600
2022-09-25,"Pillar Assault",5.8,"Bootied a draw from the third clip!",https://www.mountainproject.com/route/122188809/pillar-assault,1,"North Carolina > 3. Piedmont Region > Pilot Mountain > 12. Big Arete",2.7,-1,Lead,Onsight,Sport,,80,2100
2022-09-25,"Venus Scribner",5.10b,"used the crack out left at the end, but next time I want to do the 11a variation directly up the face using the small right hand lock off crimp",https://www.mountainproject.com/route/121648763/venus-scribner,1,"North Carolina > 3. Piedmont Region > Pilot Mountain > 13. Ground Up aka Big Gully",2.9,-1,Lead,Onsight,Sport,,50,2900
2022-09-25,Casablanca,5.10a/b,,https://www.mountainproject.com/route/122031844/casablanca,1,"North Carolina > 3. Piedmont Region > Pilot Mountain > 13. Ground Up aka Big Gully",2.9,-1,Lead,Onsight,Sport,,40,2800
2022-09-25,"Too Old to Rock and Roll",5.10c,"Thin, spooky moves up high just below the anchor. Heartbreaker crux for sure!",https://www.mountainproject.com/route/106504947/too-old-to-rock-and-roll,1,"North Carolina > 3. Piedmont Region > Pilot Mountain > 08. Amphitheater",2.5,-1,Lead,Onsight,Sport,,,3200
2022-09-25,"Buzzard's Breath",5.8,"Did the 10a variation, nice route! very dirty for the first ~20 feet",https://www.mountainproject.com/route/106504938/buzzards-breath,1,"North Carolina > 3. Piedmont Region > Pilot Mountain > 08. Amphitheater",2.3,-1,Lead,Onsight,"Sport, TR",,,2100
2022-09-04,"High Test",5.9+,"Kinda intense lead! Skipped the sickle ledge belay and regretted it, made a belay below the roof with somewhat questionable rock. Pumpy climbing, thought I was going to fall a few moves above the roof but pulled through to a stance to shake out! SO stoked to have sent this, it was right at my limit.
Abby led a short extra pitch to the south summit",https://www.mountainproject.com/route/106193027/high-test,3,"West Virginia > Seneca Rocks > South Peak - East Face > Upper Broadway",3.9,-1,Lead,Flash,Trad,,120,2500
2022-09-04,"Skyline Traverse",5.3,"Followed Abby on her first trad lead",https://www.mountainproject.com/route/105917259/skyline-traverse,3,"West Virginia > Seneca Rocks > South Peak - East Face > Southeast Corner",2.9,-1,Follow,,Trad,,,1300
2022-09-03,Banana,5.7,"Can confirm, it's loose as fuck and no fall territory for the last third or so. Placed a nut up high and literally felt the flake flex when I yanked to set it, so it was more of a mental piece. ",https://www.mountainproject.com/route/106044652/banana,1,"West Virginia > Seneca Rocks > South Peak - West Face > South Peak West Face (Main Area)",1.6,-1,Lead,Onsight,Trad,,30,1800
2022-09-03,Castor,5.10a,"Flamed out and had to take where the crack widens about half way up. The opening moves were burly and unprotected, but a bomber .2 Z4/X4 can be found from a left hand pinch a couple moves off the deck.",https://www.mountainproject.com/route/105868616/castor,1,"West Virginia > Seneca Rocks > South Peak - East Face > Upper Broadway",3.4,-1,Lead,Fell/Hung,Trad,,80,2600
2022-09-03,Debbie,5.6,"Thought this was a fun lead! Got a bomber #1 BD right before the crux, which seems to be discriminatory against shorter climbers. ",https://www.mountainproject.com/route/106044663/debbie,1,"West Virginia > Seneca Rocks > South Peak - West Face > South Peak West Face (Main Area)",2.0,-1,Lead,Onsight,Trad,,30,1600
2022-09-03,"Pleasant Overhangs",5.7,"SO sick!! Pitch 2 is an absolute romp, the exposure is wild but most holds are jugs. The gear could be a bit tricky, but it&#39;s there if you look for it",https://www.mountainproject.com/route/106171582/pleasant-overhangs,3,"West Virginia > Seneca Rocks > South Peak - West Face > South Peak West Face (Main Area)",3.6,-1,Lead,Onsight,Trad,,290,1800
2022-08-03,"5.10b trad",5.10b,"Jammerfest again. Got the roof clean fairly easily, but the offwidth above was swampy as hell, some key holds were dripping wet. Topped out, but didn&#39;t get the send",https://www.mountainproject.com/route/112169056/510b-trad,1,"* In Progress > Generic Area",3.3,-1,Lead,Fell/Hung,Trad,,,2900
2022-08-02,"5.10c trad",5.10c,"Englevinger on Svolvaergata/The Goat. I led pitches 1 and 3, Hannes led pitch 2. Incredible!! Wild corner on pitch 2, awesome, pumpy crack to finish up pitch 3. Hannes did the jump",https://www.mountainproject.com/route/112169061/510c-trad,3,"* In Progress > Generic Area",3.1,-1,Lead,Onsight,Trad,,,3200
2022-07-31,"Bare blåbær",5.8,"Janet led the first two pitches of BB, then we switched to Tiras Mirith for two pitches for an extra challenge, then finished on P4 of BB. An awesome combo, and P4 of BB is fantastic",https://www.mountainproject.com/route/106872370/bare-blabaer,4,"International > Europe > Norway > Lofoten > Djupfjord > Bare blåbær",3.8,-1,Lead,Onsight,Trad,,814,2100
2022-07-31,"5.10b trad",5.10b,"Jammerfest near Djupfjorden. Fell while working the crux roof pull on decent jams, but got it after a quick rest. So fun!!",https://www.mountainproject.com/route/112169056/510b-trad,1,"* In Progress > Generic Area",3.3,-1,Lead,Fell/Hung,Trad,,,2900
2022-07-31,"5.10a trad",5.10a,"There Is To Do in Djupfjorden. Insanity. The start was bouldery as hell and more of an N7 than an N6- (so more like 5.11 or so) and very sketchy with little pro. ",https://www.mountainproject.com/route/112169053/510a-trad,1,"* In Progress > Generic Area",2.7,-1,Lead,Onsight,Trad,,,2600
2022-07-30,Gandalf,5.8,"LRS w/ Revo. Felt like getting in some more mileage, climbed with Fin and Freke hot on my tail",https://www.mountainproject.com/route/109369505/gandalf,6,"International > Europe > Norway > Lofoten > Gandalf > Gandalf Main",3.3,-1,Lead,Redpoint,Trad,,330,2100
2022-07-30,"Tromsø ekspressen",5.10a,"LRS w/ Revo. Spooky foot slip on pitch 1 but didn't fall! Linked pitches 2 and 3",https://www.mountainproject.com/route/114616722/tromso-ekspressen,4,"International > Europe > Norway > Lofoten > Gandalf > Gandalf Main",3.0,-1,Lead,Onsight,Trad,,320,2600
2022-07-28,"5.11a trad",5.11a,"Førstereisgutten (The Boy&#39;s First Journey At Sea) at Gandalf wall. Techy, cruxy first pitch that Hannes led. I linked pitches 2 and 3. The chimney on pitch 2 was a swamp; made for some interesting climbing!",https://www.mountainproject.com/route/112169078/511a-trad,2,"* In Progress > Generic Area",3.0,-1,Lead,Onsight,Trad,,,4600
2022-07-28,"Gamle rev",5.10a,"Swung leads with Hannes, I took the first",https://www.mountainproject.com/route/114616708/gamle-rev,2,"International > Europe > Norway > Lofoten > Gandalf > Gandalf Main",2.6,-1,Lead,Onsight,Trad,,320,2600
2022-07-28,"5.10c trad",5.10c,"Guns N&#39; Roses at Gandalf Wall. Took the Krympefesten option for pitch 1, that was the right move; it was a blast!!",https://www.mountainproject.com/route/112169061/510c-trad,3,"* In Progress > Generic Area",3.1,-1,Lead,Onsight,Trad,,,3200
2022-07-25,Gollum,5.8+,"LRS with Revo. Fantastic jams for three whole pitches!! Rope kept getting caught in cracks, had to make my pitch 2 belay way early because of a snarl caught in a crack. Started at 10pm, took 3 hours. ",https://www.mountainproject.com/route/109369469/gollum,6,"International > Europe > Norway > Lofoten > Gandalf > Gandalf Main",3.5,-1,Lead,Onsight,Trad,,330,2200
2022-07-24,"Vestpillaren Direct",5.10+,"Led evens until P9 (slanting corner; what an incredible pitch!!), where I started leading odds instead. 
Partner wasn't feeling so hot, had the runs. Thanks, water bottle!",https://www.mountainproject.com/route/106848943/vestpillaren-direct,12,"International > Europe > Norway > Lofoten > Presten",4.0,-1,Lead,Onsight,Trad,,1300,3300
2022-07-23,Gandalf,5.8,"Led all three pitches with Magnus",https://www.mountainproject.com/route/109369505/gandalf,3,"International > Europe > Norway > Lofoten > Gandalf > Gandalf Main",3.3,-1,Lead,Onsight,Trad,,330,2100
2022-07-19,"""Std Route"" / Styggebreen Glacier","Easy Snow","Soloed to the summit, got a talking to from one of the employees and roped up with a Danish father and son pair for the descent ",https://www.mountainproject.com/route/112814416/std-route-styggebreen-glacier,1,"International > Europe > Norway > Vestland > Galdhopiggen",3.0,-1,Solo,,"Trad, Snow",,,0
2022-07-02,"5.7 trad",5.7,"Øye for øye at Natten, near Gol. A pure romp, super fun!",https://www.mountainproject.com/route/112166285/57-trad,1,"* In Progress > Generic Area",3.0,-1,,,Trad,,,1800
2022-07-02,"5.10d sport",5.10d,"Jimi Embrik at Natten, near Gol. Clean TR",https://www.mountainproject.com/route/112166322/510d-sport,1,"* In Progress > Generic Area",2.8,-1,TR,,Sport,,,3500
2022-07-02,"5.8 trad",5.8,"Skyggediederet at Natten, near Gol. Tricky gear and moves above the roof! ",https://www.mountainproject.com/route/112166360/58-trad,1,"* In Progress > Generic Area",2.9,-1,Lead,Onsight,Trad,,,2100
2022-07-02,"5.8 trad",5.8," Solstikk at Natten, near Gol. Second pitch on TR to clean",https://www.mountainproject.com/route/112166360/58-trad,2,"* In Progress > Generic Area",2.9,-1,Lead,Onsight,Trad,,,2100
2022-06-30,"5.8 sport",5.8,"Bakom Synger Skogene at Natten, near Gol. An absolute romp, fun but short hand/finger crack at the top",https://www.mountainproject.com/route/112166269/58-sport,1,"* In Progress > Generic Area",2.6,-1,Lead,Onsight,Sport,,,2100
2022-06-30,"5.10b sport",5.10b,"Hoppalong at Natten, near Gol. Fun, forced side pull crux!",https://www.mountainproject.com/route/112166299/510b-sport,1,"* In Progress > Generic Area",2.8,-1,Lead,Onsight,Sport,,,2900
2022-06-30,"5.11a sport",5.11a,"Litten Oppdrift at Natten, near Gol. Fell when I mussed up the crux beta. Maybe I&#39;ll get it another day!",https://www.mountainproject.com/route/112166325/511a-sport,1,"* In Progress > Generic Area",2.9,-1,Lead,Fell/Hung,Sport,,,4600
2022-06-30,"5.11a sport",5.11a,"Litten Oppdrift at Natten, near Gol. Fell sussing out the crux beta",https://www.mountainproject.com/route/112166325/511a-sport,1,"* In Progress > Generic Area",2.9,-1,Lead,Fell/Hung,Sport,,,4600
2022-06-29,"5.8 sport",5.8,"Hallingmarsjen, Norway grade 5+, near Nesbyen.  Bootied a locker part way up, felt tougher than 5+ at the crux, but maybe I was missing some holds. Somewhat committing, it can be rapped with a 60 in two raps, but it&#39;s traversing and about 35-40 meters in length, so there&#39;s no backing off for the second. This crag is the most jankey crag I&#39;ve ever been to; you have to do super wacky, exposed shit to even get to the base of some climbs!
http://heihaaklatring.blogspot.com/2019/09/tyribakken-nesbyen.html?m=1",https://www.mountainproject.com/route/112166269/58-sport,1,"* In Progress > Generic Area",2.6,-1,Lead,Onsight,Sport,,,2100
2022-06-29,"5.10b sport",5.10b,"Helgepraten, Norway grade 6, near Nesbyen. Bootied two whole quick draws, one from the route next door!",https://www.mountainproject.com/route/112166299/510b-sport,1,"* In Progress > Generic Area",2.8,-1,Lead,Onsight,Sport,,,2900
2022-06-07,"5.8 trad",5.8,"Fissura Hulk at Fendas de Barrinha. Just followed the finger crack, set up a rap from the first bolt on the line",https://www.mountainproject.com/route/112166360/58-trad,1,"* In Progress > Generic Area",2.9,-1,TR,,Trad,,,2100
2022-06-07,"5.9+ trad",5.9+,"Thanos at Fendas de Barrinha. Punchy, didn&#39;t have quite enough wide gear so had to run it out a bit here and there ",https://www.mountainproject.com/route/122207325/59-trad,1,"* In Progress > Generic Area",3.8,-1,Lead,Onsight,Trad,,,2500
2022-06-07,"5.4 Trad",5.4,"Despacito at Fendas de Barrinha. Led first. LRS once more to show Liam and Phillipe how it works",https://www.mountainproject.com/route/116709408/54-trad,2,"* In Progress > Generic Area",2.1,-1,Lead,Onsight,Trad,,40,1400
2022-06-06,"Chamine Stop","5.7 R","Led all but first pitch. Dirty, scrappy, runout, and included the single worst pitch I&#39;ve ever climbed in my life that was more like vertical caving with 50lbs of rope drag than actual climbing. French freed the move just before the tunnel section bc the rock was coated in dust/mud. 
Not something I would call a classic (far from it), but if chimneys and adventure climbing are your cup of tea get on it!",https://www.mountainproject.com/route/107546308/chamine-stop,8,"International > South America > Brazil > Rio de Janeiro > Urca (Pao de Acucar area) > Pao de Acucar (Sugarloaf)",3.8,2,Lead,Onsight,"Trad, Sport","5.7 R",750,1800
2022-06-05,"Via dos Italianos",5.10a/b,"LRS. Shamelessly French freed most follow pitches and the last one on lead, which was pretty wet from rain yesterday. Topped out in the sunset! ",https://www.mountainproject.com/route/107546273/via-dos-italianos,18,"International > South America > Brazil > Rio de Janeiro > Urca (Pao de Acucar area) > Pao de Acucar (Sugarloaf)",3.8,-1,Lead,Onsight,Sport,,700,2800
2022-06-02,K2,"5.9- PG13","Linked pitch 2 and 3 together, then split pitch 4 into two. Led pitches 1,2, 3, and the second part of pitch 4.  Followed the first part of pitch 4, my partner wanted to lead the corner traverse. Super fun!! We were in the clouds the whole time",https://www.mountainproject.com/route/108582866/k2,4,"International > South America > Brazil > Rio de Janeiro > Corcovado > East Face",3.6,-1,Lead,Onsight,Trad,,500,2300
2022-06-01,"5.8 trad",5.8,"Diedro Pégaso - Babilônia. Onsighted 1st pitch on gear, then followed bc Liam also wanted to lead it. Onsighted P2 mixed gear and bolts, followed P3",https://www.mountainproject.com/route/112166360/58-trad,4,"* In Progress > Generic Area",2.9,-1,Lead,Onsight,Trad,,,2100
2022-05-30,"5.12a sport",5.12a,"Bom Dia África (Platô de Lagoa) - VIIIa (5.12a).  Liam dragged my happy ass and my destroyed fingers up it, a good time though!",https://www.mountainproject.com/route/112166339/512a-sport,1,"* In Progress > Generic Area",3.0,-1,TR,,Sport,,,6600
2022-05-30,"5.9 sport",5.9,"Crystal Cannibal (Platô de Lagoa) - Vsup (5.9+)",https://www.mountainproject.com/route/112166293/59-sport,1,"* In Progress > Generic Area",2.5,-1,Lead,Onsight,Sport,,,2400
2022-05-29,"Mico Mija",5.11b,"Razor sharp crimps, yeow. One fall before the first bolt on the onsight go, then got it ",https://www.mountainproject.com/route/200441040/mico-mija,1,"International > South America > Brazil > Rio de Janeiro > Urca (Pao de Acucar area) > Praia Vermelha Boulders & Bolted Highballs > Graalzinho",2.0,2,Lead,Redpoint,Sport,5.11b,30,4900
2022-05-29,"Inversão Feminina",5.7,,https://www.mountainproject.com/route/200440945/inversao-feminina,1,"International > South America > Brazil > Rio de Janeiro > Urca (Pao de Acucar area) > Praia Vermelha Boulders & Bolted Highballs > Graalzinho",2.0,2,Lead,Onsight,Sport,5.7,45,1800
2022-05-29,"Formiga Atômica",5.6,,https://www.mountainproject.com/route/200440881/formiga-atomica,1,"International > South America > Brazil > Rio de Janeiro > Urca (Pao de Acucar area) > Praia Vermelha Boulders & Bolted Highballs > Graalzinho",2.0,2,Lead,Onsight,Sport,5.6,45,1600
2022-05-29,Graalzinho,5.5,,https://www.mountainproject.com/route/200440869/graalzinho,1,"International > South America > Brazil > Rio de Janeiro > Urca (Pao de Acucar area) > Praia Vermelha Boulders & Bolted Highballs > Graalzinho",2.0,2,Lead,Onsight,Sport,5.5,45,1500
2022-05-29,"5.6 sport",5.6,"Vilma Arnaud (Babilônia) - P1: IIIsup follow. P2: IV lead",https://www.mountainproject.com/route/112166261/56-sport,2,"* In Progress > Generic Area",2.0,-1,Lead,Onsight,Sport,,,1600
2022-05-29,"5.5 sport",5.5,"Maurício Mota at Babilônia. LRS, went to P2 anchors of route to the left to rap down to make it to lunch  ",https://www.mountainproject.com/route/119629029/55-sport,1,"* In Progress > Generic Area",1.9,-1,Lead,Onsight,Sport,,,1500
2022-05-27,"5.10a sport",5.10a,"TRS. Loki at Setor do Totem.
6 Brasileña. 
One fall low after lunging for a falsely suspected jug",https://www.mountainproject.com/route/112166313/510a-sport,1,"* In Progress > Generic Area",2.6,-1,TR,,Sport,,,2600
2022-05-27,R2D2,5.11a,"LRS. Gave me a run for my money!",https://www.mountainproject.com/route/122467481/r2d2,1,"International > South America > Brazil > Mato Grosso do Sul > Aquidauana > Setor do Totem",3.0,3,Lead,Onsight,Sport,5.11a,40,4600
2022-05-27,ResPira,5.10a,"LRS. Second lap on TRS to clean after letting the fam give it a shot",https://www.mountainproject.com/route/122467433/respira,2,"International > South America > Brazil > Mato Grosso do Sul > Aquidauana > Setor do Totem",4.0,4,Lead,Onsight,Sport,5.10a,65,2600
2022-05-27,"Mata Burro",5.9+,LRS,https://www.mountainproject.com/route/122467335/mata-burro,1,"International > South America > Brazil > Mato Grosso do Sul > Aquidauana > Setor do Totem",2.0,2,Lead,Onsight,Sport,5.9+,40,2500
2022-04-15,"5.11a sport",5.11a,"TR new route at Pilot to sus out bolt placement",https://www.mountainproject.com/route/112166325/511a-sport,1,"* In Progress > Generic Area",2.9,-1,TR,,Sport,,,4600
2022-04-15,Aerophobia,5.6,"So fun!",https://www.mountainproject.com/route/120402604/aerophobia,1,"North Carolina > 3. Piedmont Region > Pilot Mountain > 11.  Fear of Flying",2.7,3,Lead,Onsight,Sport,,90,1600
2022-04-15,"Devil in the White House",5.10c/d,,https://www.mountainproject.com/route/106955638/devil-in-the-white-house,1,"North Carolina > 3. Piedmont Region > Pilot Mountain > 10. Devil in the White House",3.2,-1,Lead,Redpoint,Sport,,60,3400
2022-04-15,"Walk the Plank",5.8,,https://www.mountainproject.com/route/121911346/walk-the-plank,1,"North Carolina > 3. Piedmont Region > Pilot Mountain > 13. Ground Up aka Big Gully",2.3,-1,Lead,Redpoint,Sport,,60,2100
2022-04-15,"Man Overboard",5.10c,"Finally got the red point!! A .3 and a black tricam make pulling the crux feel casual ",https://www.mountainproject.com/route/108296164/man-overboard,1,"North Carolina > 3. Piedmont Region > Pilot Mountain > 12. Big Arete",2.5,-1,Lead,Redpoint,Sport,,70,3200
2022-04-15,"Over Booked",5.7,,https://www.mountainproject.com/route/120348126/over-booked,1,"North Carolina > 3. Piedmont Region > Pilot Mountain > 11.  Fear of Flying",1.9,-1,Lead,Onsight,Sport,,40,1800
2022-04-15,Novi,5.7,,https://www.mountainproject.com/route/120348083/novi,1,"North Carolina > 3. Piedmont Region > Pilot Mountain > 11.  Fear of Flying",2.5,-1,Lead,Onsight,Sport,,90,1800
2022-04-15,"True Grits",5.8+,,https://www.mountainproject.com/route/121956489/true-grits,1,"North Carolina > 3. Piedmont Region > Pilot Mountain > 13. Ground Up aka Big Gully",2.9,-1,Lead,Flash,Sport,,80,2200
2022-04-09,"Pontius Pilot",5.10a/b,,https://www.mountainproject.com/route/121871495/pontius-pilot,1,"North Carolina > 3. Piedmont Region > Pilot Mountain > 13. Ground Up aka Big Gully",2.1,-1,Lead,Onsight,Sport,,75,2800
2022-04-09,Hurly-Burly,5.9,"Ankle breaker at second bolt above the ledge. RIP Katie's ankle ",https://www.mountainproject.com/route/121995806/hurly-burly,1,"North Carolina > 3. Piedmont Region > Pilot Mountain > 13. Ground Up aka Big Gully",2.3,-1,Lead,Onsight,Sport,,80,2400
2022-04-09,"Wrestling with the Textonic",5.9,,https://www.mountainproject.com/route/122055506/wrestling-with-the-textonic,1,"North Carolina > 3. Piedmont Region > Pilot Mountain > 13. Ground Up aka Big Gully",2.2,-1,Lead,Onsight,Sport,,65,2400
2022-04-09,"Play It Again",5.10a/b,"Used only passive pro for fun",https://www.mountainproject.com/route/122104592/play-it-again,1,"North Carolina > 3. Piedmont Region > Pilot Mountain > 13. Ground Up aka Big Gully",2.3,-1,Lead,Onsight,Trad,,40,2800
2022-04-09,"Skull & Bones",5.8,,https://www.mountainproject.com/route/108338027/skull-bones,1,"North Carolina > 3. Piedmont Region > Pilot Mountain > 13. Ground Up aka Big Gully",2.7,-1,Lead,Onsight,Sport,,85,2100
2022-04-09,"Walk the Plank",5.8,,https://www.mountainproject.com/route/121911346/walk-the-plank,1,"North Carolina > 3. Piedmont Region > Pilot Mountain > 13. Ground Up aka Big Gully",2.3,-1,Lead,Flash,Sport,,60,2100
2022-03-14,"New Yosemite",5.9,"Fell at the crux :( felt really good before that, feel a lot more confident with my jams now ",https://www.mountainproject.com/route/105943658/new-yosemite,1,"West Virginia > The New River Gorge Region > New River Gorge Proper > Junkyard Area > Junkyard Wall",3.5,-1,Lead,Fell/Hung,"Trad, TR",,65,2400
2022-02-20,"Ramp Arete",5.7,"Wide way or the highway was wet so we climbed this one. A ton of fun!
Dragged a group of six up this and 5.9 offwidth by making a rope circle",https://www.mountainproject.com/route/116385056/ramp-arete,1,"South Carolina > Big Rock Mountain > Main Wall",3.0,-1,Lead,Onsight,Sport,,75,1800
2022-02-20,"5.9 Offwidth",5.9,,https://www.mountainproject.com/route/116508584/59-offwidth,1,"South Carolina > Big Rock Mountain > Main Wall",2.2,-1,Lead,Onsight,Trad,,50,2400
2022-02-20,Flakey,5.8,,https://www.mountainproject.com/route/116507370/flakey,1,"South Carolina > Big Rock Mountain > Main Wall",3.1,-1,Lead,Onsight,"Trad, TR",,80,2100
2022-02-20,"S Crack",5.10,,https://www.mountainproject.com/route/116223777/s-crack,1,"South Carolina > Big Rock Mountain > Main Wall",3.0,-1,Lead,Onsight,Trad,,80,3000
2022-02-05,"5.10c sport",5.10c,"Shock The Monkey, S-town. Got the technical crux clean, but pumped out on the overhang above. Gotta get that endurance game up",https://www.mountainproject.com/route/112166317/510c-sport,1,"* In Progress > Generic Area",2.6,-1,Lead,Fell/Hung,Sport,,,3200
2022-02-05,"5.11a sport",5.11a,"Old Man&#39;s Sugar Daddy, S-town",https://www.mountainproject.com/route/112166325/511a-sport,1,"* In Progress > Generic Area",2.9,-1,Lead,Onsight,Sport,,,4600
2022-02-05,"5.6 trad",5.6,"Whiskey Sour, S-town. Followed Kek, who did it right and went through the roof. Her first trad lead!",https://www.mountainproject.com/route/112166356/56-trad,1,"* In Progress > Generic Area",2.5,-1,Follow,,Trad,,,1600
2022-02-05,"5.6 trad",5.6,"Whiskey Sour at S-town. Went right under the roof when I should have gone left through it",https://www.mountainproject.com/route/112166356/56-trad,1,"* In Progress > Generic Area",2.5,-1,Lead,Onsight,Trad,,,1600
2022-01-23,"True Grits",5.8+,"TR to assess if it would be a good idea to bolt",https://www.mountainproject.com/route/121956489/true-grits,1,"North Carolina > 3. Piedmont Region > Pilot Mountain > 13. Ground Up aka Big Gully",2.9,-1,TR,,Sport,,80,2200
2022-01-23,"Walk the Plank",5.8,"TR to sus out bolt placement",https://www.mountainproject.com/route/121911346/walk-the-plank,1,"North Carolina > 3. Piedmont Region > Pilot Mountain > 13. Ground Up aka Big Gully",2.3,-1,TR,,Sport,,60,2100
2022-01-15,"Another Alternative",5.8,"Followed P1, onsighted P2 through P5 on lead. The spice is real! Found a red tricam passive placement about 8 feet below the top of P4",https://www.mountainproject.com/route/111108868/another-alternative,5,"North Carolina > 3. Piedmont Region > Stone Mountain > Stone Mountain South Face",2.9,-1,Lead,Flash,Trad,,580,2100
2022-01-06,"To Tee or Not To Tee",5.9,TRS,https://www.mountainproject.com/route/117236633/to-tee-or-not-to-tee,1,"North Carolina > 4. Eastern Region > The Trestle > River (South) Face",3.1,-1,TR,,"Sport, TR",,60,2400
2022-01-06,"To Tee or Not To Tee",5.9,"LRS. Took a practice fall halfway up",https://www.mountainproject.com/route/117236633/to-tee-or-not-to-tee,1,"North Carolina > 4. Eastern Region > The Trestle > River (South) Face",3.1,-1,Lead,Fell/Hung,"Sport, TR",,60,2400
2021-10-11,Bernalina,5.7,"Led odds, linked P1 with P2 and P6 with P7 as described in the comments",https://www.mountainproject.com/route/106121304/bernalina,5,"International > North America > Mexico > Queretaro > Peña de Bernal > Cara Sur (South Face) > Bernalina Wall",3.4,-1,Lead,Onsight,Sport,,500,1800
2021-09-22,"That Eight (aka Kennel Club)",5.8,,https://www.mountainproject.com/route/105915410/that-eight-aka-kennel-club,1,"Alabama > Cherokee Rock Village (Sand Rock) > Holiday Block",2.9,-1,Lead,Onsight,Sport,,60,2100
2021-09-22,"Climbing Merit Badge",5.6,,https://www.mountainproject.com/route/116831757/climbing-merit-badge,1,"Alabama > Cherokee Rock Village (Sand Rock) > Boy Scout Wall",2.4,-1,Lead,Redpoint,"Trad, TR",,35,1600
2021-08-27,"Northeast Buttress",5.5,"Glacier is out, had to turn back at it's base",https://www.mountainproject.com/route/110103763/northeast-buttress,1,"Washington > Northwest Region > Hwy 20 and North Cascades National Park > North Cascades > Mt. Goode",3.9,-1,,,"Trad, Alpine",,2800,1500
2021-08-18,"Junior's Farm","5.9 PG13","Swung leads, led odds. P6 is definitely super fun!!!",https://www.mountainproject.com/route/111765317/juniors-farm,8,"Washington > Olympics & Pacific Coast > Olympic National Forest > Tyler Peak Crags > The Full Montey",3.2,-1,Lead,Onsight,"Sport, Alpine",,,2400
2021-07-11,"The Great Arch",5.5,"LRS w/ revo. P2 was 80% sopping wet, made for a bit of spice",https://www.mountainproject.com/route/105887520/the-great-arch,6,"North Carolina > 3. Piedmont Region > Stone Mountain > Stone Mountain South Face",3.5,-1,Lead,Redpoint,Trad,,400,1500
2021-07-11,"Another Alternative",5.8,"LRS P1 w/ revo",https://www.mountainproject.com/route/111108868/another-alternative,2,"North Carolina > 3. Piedmont Region > Stone Mountain > Stone Mountain South Face",2.9,-1,Lead,Onsight,Trad,,580,2100
2021-07-05,"Groover (Gaskin Finish)",5.8+,"Led P1 clean, bailed due to lack of water. Next time!",https://www.mountainproject.com/route/105951288/groover-gaskin-finish,1,"North Carolina > 1. Southern Mountains Region > Laurel Knob",3.8,-1,Lead,Onsight,Trad,,900,2200
2021-06-06,"5.9 sport",5.9,"Hartman&#39;s. Not sure route name. Rob led first, I pink pointed it",https://www.mountainproject.com/route/112166293/59-sport,1,"* In Progress > Generic Area",2.5,-1,Lead,Flash,Sport,,,2400
2021-06-05,"The Maiden Voyage aka The Red Dihedral",5.9-,"Used up literally all my gear on P4. Followed summit pitch ",https://www.mountainproject.com/route/105750415/the-maiden-voyage-aka-the-red-dihedral,5,"Colorado > Gunnison > Black Canyon of the Gunnison > North Rim Routes > The Checkerboard Wall",3.0,-1,Lead,Onsight,Trad,,,2300
2021-06-05,"King Me",5.10a,"Led all three pitches",https://www.mountainproject.com/route/106035588/king-me,3,"Colorado > Gunnison > Black Canyon of the Gunnison > North Rim Routes > The Checkerboard Wall",3.0,-1,Lead,Onsight,Trad,,325,2600
2021-06-04,"Dunn's Dihedral",5.8,"Followed P1, left from the anchors due to time",https://www.mountainproject.com/route/106254491/dunns-dihedral,1,"Colorado > Gunnison > Taylor Canyon > First Buttress > The Upper Wall",3.0,-1,Follow,,Trad,,170,2100
2021-06-03,"Buddha's Belly",5.10a/b,"Tricky to figure out where to pull the roof",https://www.mountainproject.com/route/105757453/buddhas-belly,1,"Colorado > Gunnison > Hartman Rocks > Buddha's Belly Wall",3.1,-1,Lead,Onsight,"Sport, TR",,40,2800
2021-06-03,"The Worm Hole",5.7,"Runout? I placed 7 pieces",https://www.mountainproject.com/route/113482175/the-worm-hole,1,"Colorado > Gunnison > Hartman Rocks > The Corridor",2.5,-1,Lead,Onsight,"Trad, TR",,50,1800
2021-06-03,"Rising Expectations",5.11,"Clean TR. Really good clipping stances for each bolt. Probably should have raised my expectations and tried for a lead",https://www.mountainproject.com/route/119966630/rising-expectations,1,"Colorado > Gunnison > Hartman Rocks > The Corridor",3.0,-1,TR,,Sport,,55,5000
2021-06-02,"Shovel Head",5.9,"Clean follow, night climb",https://www.mountainproject.com/route/111165850/shovel-head,1,"Colorado > Gunnison > Spring Creek > Roadside Crag",2.5,-1,Follow,,Sport,,70,2400
2021-06-02,"Poker in the Rear",5.9,"Took smaller crack a few feet to the left at the start, definitely harder than the normal one",https://www.mountainproject.com/route/119781788/poker-in-the-rear,1,"Colorado > Gunnison > Spring Creek > Roadside Crag",2.4,-1,Lead,Onsight,Trad,,90,2400
2021-06-02,"13 Bolt (Ride Hard, Die Free)",5.10-,"Super fun, fairly sustained",https://www.mountainproject.com/route/112244126/13-bolt-ride-hard-die-free,1,"Colorado > Gunnison > Spring Creek > 13 Bolt Wall",3.4,-1,Lead,Onsight,Sport,,130,2700
2021-05-30,"South Face","5.7 C0","Took a lesser traveled crack on P1 level w/ petroglyph. Had the place to ourselves!",https://www.mountainproject.com/route/105717562/south-face,3,"Utah > Southeast Utah > Indian Creek > South Sixshooter",2.8,-1,Lead,Onsight,"Trad, Aid",,,1800
2021-05-29,"North Ridge",5.7,"Pitches blended together because it's so wacky. followed P1, and P4, ""led"" P3. Entire party accidentally soloed P2 because it's so mellow",https://www.mountainproject.com/route/113888683/north-ridge,4,"Utah > Southeast Utah > Lost World  Butte Area > The Sphinx",2.0,-1,Lead,Onsight,Trad,,250,1800
2021-05-28,Terma,"5.9- PG13","Led P1 & P3, only had 7 draws but it was fine",https://www.mountainproject.com/route/107509741/terma,3,"Utah > Southeast Utah > River Road > Utopia",2.9,-1,Lead,Onsight,Trad,,330,2300
2021-05-27,"Standard (West Fins)",5.3,"Super fun!",https://www.mountainproject.com/route/106674255/standard-west-fins,1,"Utah > Southeast Utah > Arches National Park > Elephant Butte",3.5,-1,Solo,,Trad,,1100,1300
2021-05-26,"Regular Route (""East Rib"")","5.4 PG13","Swung leads, followed P2 and P3 that were linked",https://www.mountainproject.com/route/106861093/regular-route-east-rib,3,"Utah > Southeast Utah > 191 South > Looking Glass Rock",3.1,-1,Lead,Onsight,Sport,,400,1400
2021-05-25,"Mountaineers Route",5.6,"Pulled on fixed ropes, all in good condition",https://www.mountainproject.com/route/111660506/mountaineers-route,2,"Utah > Southeast Utah > Castle Valley > Parriot Mesa",2.9,-1,Solo,,Trad,,250,1600
2021-05-09,"Sentinel Buttress",5.5,,https://www.mountainproject.com/route/106175435/sentinel-buttress,2,"North Carolina > 3. Piedmont Region > Hanging Rock State Park > Moore's Wall (Routes) > Sentinel Buttress > Center Buttress",2.8,-1,Lead,Redpoint,Trad,,200,1500
2021-05-09,"Almost Seven (aka Golden Earring)",5.7,,https://www.mountainproject.com/route/106019633/almost-seven-aka-golden-earring,1,"North Carolina > 3. Piedmont Region > Hanging Rock State Park > Moore's Wall (Routes) > The Amphitheater",2.9,-1,Lead,Flash,Trad,,120,1800
2021-05-09,"Wailing Wall",5.6,,https://www.mountainproject.com/route/106019639/wailing-wall,1,"North Carolina > 3. Piedmont Region > Hanging Rock State Park > Moore's Wall (Routes) > The Amphitheater",3.7,-1,Lead,Onsight,Trad,,120,1600
2021-05-08,"Any Major Dude",5.11c,"Clean. Extra practice I guess",https://www.mountainproject.com/route/107067511/any-major-dude,1,"North Carolina > 3. Piedmont Region > Pilot Mountain > 06. Three Bears",3.1,-1,TR,,"Sport, TR",,30,5200
2021-05-08,"Any Major Dude",5.11c,"Clean. I think I found the low beta!",https://www.mountainproject.com/route/107067511/any-major-dude,1,"North Carolina > 3. Piedmont Region > Pilot Mountain > 06. Three Bears",3.1,-1,TR,,"Sport, TR",,30,5200
2021-05-08,Outhouse,5.7,,https://www.mountainproject.com/route/110713185/outhouse,1,"North Carolina > 3. Piedmont Region > Pilot Mountain > 07. Little Amphitheater",2.1,-1,TR,,"Trad, TR",,50,1800
2021-05-08,Duracell,5.8,"Took a fall for Kek to practice lead belaying ",https://www.mountainproject.com/route/106614771/duracell,1,"North Carolina > 3. Piedmont Region > Pilot Mountain > 04. Copper Top",1.7,-1,Lead,Fell/Hung,TR,,60,2100
2021-05-08,"Dude on the Corner",5.9+,,https://www.mountainproject.com/route/112534845/dude-on-the-corner,1,"North Carolina > 3. Piedmont Region > Pilot Mountain > 06. Three Bears",2.3,2,Lead,Onsight,Sport,,50,2500
2021-05-08,"Howdy Dude",5.7,"Fun lead!",https://www.mountainproject.com/route/106106865/howdy-dude,1,"North Carolina > 3. Piedmont Region > Pilot Mountain > 06. Three Bears",2.6,-1,Lead,Onsight,TR,,60,1800
2021-04-15,"Super Pinch",5.10d,"Pumped out and whipped from the 3rd bolt. Whee!",https://www.mountainproject.com/route/106588480/super-pinch,1,"Kentucky > Red River Gorge > (PMRP) Pendergrass-Murray Recreational Preserve > Coal Bank Hollow > Solar Collector",2.6,-1,Lead,Fell/Hung,Sport,,50,3500
2021-04-15,"Sunny the Boxer",5.9,,https://www.mountainproject.com/route/108165689/sunny-the-boxer,1,"Kentucky > Red River Gorge > (PMRP) Pendergrass-Murray Recreational Preserve > Coal Bank Hollow > Gold Coast",2.9,-1,Lead,Flash,Sport,,85,2400
2021-04-15,"Norway On My Mind",5.9,,https://www.mountainproject.com/route/106973588/norway-on-my-mind,1,"Kentucky > Red River Gorge > (PMRP) Pendergrass-Murray Recreational Preserve > Coal Bank Hollow > Gold Coast",2.3,-1,Lead,Onsight,Sport,,45,2400
2021-04-13,"Get Outta My Way","5.2 R",,https://www.mountainproject.com/route/108150461/get-outta-my-way,1,"Kentucky > Red River Gorge > Northern Gorge > Fortress Wall",2.2,-1,Solo,,Trad,,40,1200
2021-04-13,"Bedtime for Bonzo",5.6,"LRS revo & mtrax. So fun!",https://www.mountainproject.com/route/105871977/bedtime-for-bonzo,4,"Kentucky > Red River Gorge > Northern Gorge > Fortress Wall",3.4,-1,Lead,Onsight,Trad,,100,1600
2021-04-12,"Gettin' Lucky in Kentucky",5.10b,"TR solo. Should lead on sport later, would be fun",https://www.mountainproject.com/route/106065461/gettin-lucky-in-kentucky,1,"Kentucky > Red River Gorge > Muir Valley > Tectonic Wall",3.4,-1,TR,,Sport,,60,2900
2021-04-12,"Plate Tectonics",5.10a,"LRS w/ revo & mtrax. Took a short fall at the 5th bolt due to pump and fuck it",https://www.mountainproject.com/route/106065471/plate-tectonics,1,"Kentucky > Red River Gorge > Muir Valley > Tectonic Wall",3.3,-1,Lead,Fell/Hung,Sport,,70,2600
2021-04-12,"59"" DrillBitch",5.10a,"LRS w/ revo & mtrax. Took some practice whips from the anchors",https://www.mountainproject.com/route/106614611/59-drillbitch,1,"Kentucky > Red River Gorge > Muir Valley > Johnny's Wall",3.0,-1,Lead,Onsight,Sport,,45,2600
2021-04-03,"Left Wishbone (Rock Scramble)","Easy 5th","So worked",https://www.mountainproject.com/route/111797438/left-wishbone-rock-scramble,1,"North Carolina > 2. Northern Mountains Region > Black Mountain Range Alpine",2.7,-1,Solo,,"Trad, Alpine",,2200,950
2021-04-02,"737 Max",5.8,"LRS w/ gg1 and trax cache loop, took a test fall",https://www.mountainproject.com/route/120348116/737-max,1,"North Carolina > 3. Piedmont Region > Pilot Mountain > 11.  Fear of Flying",2.3,-1,Lead,Fell/Hung,Sport,,40,2100
2021-04-02,"Any Major Dude",5.11c,"Need to dial the face under the roof for the send",https://www.mountainproject.com/route/107067511/any-major-dude,1,"North Carolina > 3. Piedmont Region > Pilot Mountain > 06. Three Bears",3.1,-1,Lead,Fell/Hung,"Sport, TR",,30,5200
2021-04-02,Psycho-metric,5.11a,"Just gun it",https://www.mountainproject.com/route/108413808/psycho-metric,1,"North Carolina > 3. Piedmont Region > Pilot Mountain > 09. Black Rain Wall",2.5,-1,Lead,Pinkpoint,Sport,,70,4600
2021-04-02,Psycho-metric,5.11a,"Crux sidepull is wacky",https://www.mountainproject.com/route/108413808/psycho-metric,1,"North Carolina > 3. Piedmont Region > Pilot Mountain > 09. Black Rain Wall",2.5,-1,Lead,Fell/Hung,Sport,,70,4600
2021-04-02,"Devil in the White House",5.10c/d,,https://www.mountainproject.com/route/106955638/devil-in-the-white-house,1,"North Carolina > 3. Piedmont Region > Pilot Mountain > 10. Devil in the White House",3.2,-1,Lead,Redpoint,Sport,,60,3400
2021-03-20,"The Nose",5.8,"Swung leads, led 1 and 3. Probably better when you can feel your fingers and toes",https://www.mountainproject.com/route/105874396/the-nose,5,"North Carolina > 1. Southern Mountains Region > Looking Glass Rock > Nose Area",3.5,-1,Lead,Onsight,Trad,,400,2100
2021-03-14,"Lucy in the Sky with Diamonds",5.10a,"Shook like a leaf in the wind but sent anyway. Got a decent .2 X4 in before the first bolt",https://www.mountainproject.com/route/105942550/lucy-in-the-sky-with-diamonds,1,"Georgia > Mount Yonah > Main Face",3.5,-1,Lead,Onsight,Trad,,80,2600
2021-03-14,"Edges to Ledges",5.7,"Only used passive pro, eats up tricams. Didn&#39;t trend right far enough and ended up topping out just left of New Standards",https://www.mountainproject.com/route/106039500/edges-to-ledges,1,"Georgia > Mount Yonah > Main Face",2.5,-1,Lead,Onsight,Trad,,210,1800
2021-02-20,"No Alternative","5.5 PG13","Swung leads, only led P2",https://www.mountainproject.com/route/105887729/no-alternative,3,"North Carolina > 3. Piedmont Region > Stone Mountain > Stone Mountain South Face",3.1,-1,Lead,Onsight,Trad,,400,1500
2021-02-20,"Block Route","5.7+ PG13","The block move is exciting!",https://www.mountainproject.com/route/105929999/block-route,1,"North Carolina > 3. Piedmont Region > Stone Mountain > Stone Mountain South Face",2.7,-1,Lead,Onsight,Trad,,150,1900
2021-02-09,"Ohio Climbing",5.8,"LRS ",https://www.mountainproject.com/route/108524421/ohio-climbing,1,"Kentucky > Red River Gorge > Muir Valley > Bruise Brothers Wall",2.7,-1,Lead,Onsight,Sport,,50,2100
2021-02-09,"Glory and Consequence",5.7+,"First LRS. Used grigri 1. Try using cache loop w/ micro trax next time",https://www.mountainproject.com/route/106580249/glory-and-consequence,1,"Kentucky > Red River Gorge > Muir Valley > The Great Wall",2.4,-1,Lead,Onsight,Sport,,50,1900
2021-02-06,"Climbing Merit Badge",5.6,"tr solo clean",https://www.mountainproject.com/route/116831757/climbing-merit-badge,1,"Alabama > Cherokee Rock Village (Sand Rock) > Boy Scout Wall",2.4,-1,TR,,"Trad, TR",,35,1600
2021-02-06,Misty,5.10b/c,"tr solo clean",https://www.mountainproject.com/route/105905421/misty,1,"Alabama > Cherokee Rock Village (Sand Rock) > Sun Wall",3.7,-1,TR,,Sport,,90,3100
2021-02-06,"Neckerchief? Traverse",5.6,"tr solo clean",https://www.mountainproject.com/route/116832084/neckerchief-traverse,1,"Alabama > Cherokee Rock Village (Sand Rock) > Boy Scout Wall",2.1,-1,TR,,"Trad, TR",,35,1600
2021-02-06,Neckerchief?,"5.8 PG13","TR solo clean",https://www.mountainproject.com/route/116831965/neckerchief,1,"Alabama > Cherokee Rock Village (Sand Rock) > Boy Scout Wall",2.3,-1,TR,,"Trad, TR",,35,2100
2021-02-04,"WI4 Vanilla Ice",WI4,"TR solo at night. First ice climb! Laurel Springs just off parkway",https://www.mountainproject.com/route/117309563/wi4-vanilla-ice,1,"* In Progress > Generic Area",2.0,-1,TR,,"Trad, Ice",,,33000
2021-01-16,"The Black Hole",5.10b/c,,https://www.mountainproject.com/route/118093527/the-black-hole,1,"North Carolina > 3. Piedmont Region > Pilot Mountain > 04. Copper Top",2.5,-1,Lead,Redpoint,Sport,,50,3100
2021-01-16,"Thin to Win",5.10b,"TR to last bolt, lead to anchors, clean",https://www.mountainproject.com/route/106614643/thin-to-win,1,"North Carolina > 3. Piedmont Region > Pilot Mountain > 14. Parking Lot",2.3,-1,TR,,"Sport, TR",,80,2900
2021-01-16,Erocktica,5.10c,"Fell just above crux bolt, didn't move far enough right",https://www.mountainproject.com/route/108245161/erocktica,1,"North Carolina > 3. Piedmont Region > Pilot Mountain > 07. Little Amphitheater",2.7,-1,Lead,Fell/Hung,Sport,,50,3200
2021-01-16,"Any Major Dude",5.11c,"TR to 4th bolt, lead to anchors. fell at 3rd and rested at 4th. Sick deadpoint through the crux",https://www.mountainproject.com/route/107067511/any-major-dude,1,"North Carolina > 3. Piedmont Region > Pilot Mountain > 06. Three Bears",3.1,-1,TR,,"Sport, TR",,30,5200
2021-01-16,"Any Major Dude",5.11c,"Pumped out at 3rd bolt, fell at 4th trying crux",https://www.mountainproject.com/route/107067511/any-major-dude,1,"North Carolina > 3. Piedmont Region > Pilot Mountain > 06. Three Bears",3.1,-1,Lead,Fell/Hung,"Sport, TR",,30,5200
2021-01-16,Ironman,5.8+,,https://www.mountainproject.com/route/117986036/ironman,1,"North Carolina > 3. Piedmont Region > Pilot Mountain > 04. Copper Top",2.1,-1,Lead,Redpoint,Sport,,,2200
2020-12-19,"Cave Route",5.5,"followed P1, led P2, followed P3",https://www.mountainproject.com/route/106098708/cave-route,3,"North Carolina > 2. Northern Mountains Region > Linville Gorge > Table Rock",2.4,-1,Lead,Onsight,Trad,,180,1500
2020-12-19,Crackerjack,5.8,,https://www.mountainproject.com/route/105925443/crackerjack,2,"North Carolina > 2. Northern Mountains Region > Linville Gorge > Table Rock",3.1,-1,Lead,Redpoint,Trad,,200,2100
2020-12-12,"The Great Arch",5.5,"Followed Walker w/ Phil",https://www.mountainproject.com/route/105887520/the-great-arch,3,"North Carolina > 3. Piedmont Region > Stone Mountain > Stone Mountain South Face",3.5,-1,Follow,,Trad,,400,1500
2020-12-12,"U Slot","5.7+ PG13",,https://www.mountainproject.com/route/105887741/u-slot,1,"North Carolina > 3. Piedmont Region > Stone Mountain > Stone Mountain South Face",2.4,-1,Lead,Redpoint,Trad,,140,1900
2020-12-06,"The Prow",5.4,"Simuled first pitch, followed second, led third",https://www.mountainproject.com/route/105874010/the-prow,3,"North Carolina > 2. Northern Mountains Region > Linville Gorge > Amphitheater",3.1,-1,Lead,Onsight,Trad,,500,1400
2020-11-28,"New Yosemite",5.9,"Ran up it, felt easy",https://www.mountainproject.com/route/105943658/new-yosemite,1,"West Virginia > The New River Gorge Region > New River Gorge Proper > Junkyard Area > Junkyard Wall",3.5,-1,TR,,"Trad, TR",,65,2400
2020-11-28,"New Yosemite",5.9,,https://www.mountainproject.com/route/105943658/new-yosemite,1,"West Virginia > The New River Gorge Region > New River Gorge Proper > Junkyard Area > Junkyard Wall",3.5,-1,Lead,Redpoint,"Trad, TR",,65,2400
2020-11-28,"Cave Routes  1 and  2",5.7,,https://www.mountainproject.com/route/105943609/cave-routes-1-and-2,1,"West Virginia > The New River Gorge Region > New River Gorge Proper > Junkyard Area > Junkyard Wall",2.9,-1,Follow,,TR,,70,1800
2020-11-28,"Team Jesus",5.10a,"TR solo. Send",https://www.mountainproject.com/route/105943753/team-jesus,1,"West Virginia > The New River Gorge Region > New River Gorge Proper > Junkyard Area > Junkyard Wall",2.8,-1,TR,,Trad,,65,2600
2020-11-28,"New River Gunks",5.7+,,https://www.mountainproject.com/route/105943588/new-river-gunks,1,"West Virginia > The New River Gorge Region > New River Gorge Proper > Junkyard Area > Junkyard Wall",2.6,-1,TR,,"Trad, TR",,80,1900
2020-11-27,"Jeff's Bunny Hop",5.8,"Definitely would want to stick clip next time, beginning moves are real thin",https://www.mountainproject.com/route/106139191/jeffs-bunny-hop,1,"West Virginia > The New River Gorge Region > Summersville (Gauley River) Area > Summersville Lake (main) > Narcissus Cave",2.5,-1,Lead,Onsight,Sport,,60,2100
2020-11-27,"Sniff the Drill",5.8,,https://www.mountainproject.com/route/106139168/sniff-the-drill,1,"West Virginia > The New River Gorge Region > Summersville (Gauley River) Area > Summersville Lake (main) > Narcissus Cave",2.4,-1,TR,,Sport,,45,2100
2020-11-27,"She Got the Bosch, I Got Drilled",5.10a,,https://www.mountainproject.com/route/106002567/she-got-the-bosch-i-got-drilled,1,"West Virginia > The New River Gorge Region > Summersville (Gauley River) Area > Summersville Lake (main) > Orange Oswald Wall",3.2,-1,Lead,Pinkpoint,Sport,,90,2600
2020-11-27,"Orange Express",5.10b,,https://www.mountainproject.com/route/107260051/orange-express,1,"West Virginia > The New River Gorge Region > Summersville (Gauley River) Area > Summersville Lake (main) > Orange Oswald Wall",2.8,-1,Lead,Onsight,Sport,,75,2900
2020-11-27,"Orange Oswald",5.10a,,https://www.mountainproject.com/route/105918472/orange-oswald,1,"West Virginia > The New River Gorge Region > Summersville (Gauley River) Area > Summersville Lake (main) > Orange Oswald Wall",2.8,-1,Lead,Onsight,Sport,,70,2600
2020-11-27,"Chunko Goes Bowling",5.9+,,https://www.mountainproject.com/route/106002544/chunko-goes-bowling,1,"West Virginia > The New River Gorge Region > Summersville (Gauley River) Area > Summersville Lake (main) > Orange Oswald Wall",2.6,-1,Lead,Pinkpoint,Sport,,80,2500
2020-11-22,"Frosted Flake",5.9+,,https://www.mountainproject.com/route/105899306/frosted-flake,1,"North Carolina > 1. Southern Mountains Region > Rumbling Bald > Cereal Buttress",3.6,-1,Lead,Redpoint,Trad,,80,2500
2020-11-22,Granola,5.8+,,https://www.mountainproject.com/route/105923513/granola,1,"North Carolina > 1. Southern Mountains Region > Rumbling Bald > Cereal Buttress",2.9,-1,Follow,,Trad,,70,2200
2020-11-22,"Fruit Loops",5.7+,,https://www.mountainproject.com/route/105898439/fruit-loops,2,"North Carolina > 1. Southern Mountains Region > Rumbling Bald > Cereal Buttress",3.5,-1,Follow,,Trad,,160,1900
2020-11-15,"East Of Eden",V1,"No pad piddling",https://www.mountainproject.com/route/106868765/east-of-eden,1,"Virginia > Southwest Virginia (Appalachia) > Grayson Highlands State Park > Highlands > Horizon Area > Horizon Boulder",2.2,-1,Send,,Boulder,,12,20100
2020-11-15,"Magnetic North",V1,"No pad piddling",https://www.mountainproject.com/route/106936787/magnetic-north,1,"Virginia > Southwest Virginia (Appalachia) > Grayson Highlands State Park > Highlands > Horizon Area > Horizon Boulder",2.0,-1,Send,,Boulder,,,20100
2020-11-15,"Peace of Westphalia (PoW)",V0,"No pad piddling",https://www.mountainproject.com/route/106868824/peace-of-westphalia-pow,1,"Virginia > Southwest Virginia (Appalachia) > Grayson Highlands State Park > Highlands > Horizon Area > Horizon Boulder",1.9,-1,Send,,Boulder,,14,20008
2020-11-15,"Windy Heights",V1,"No pad piddling",https://www.mountainproject.com/route/106941103/windy-heights,1,"Virginia > Southwest Virginia (Appalachia) > Grayson Highlands State Park > Highlands > Horizon Area > Horizon Boulder",2.0,-1,Send,,Boulder,,12,20100
2020-11-15,"Highland Highball",V2,"No pad or chalk, backed down halfway up due to slick holds",https://www.mountainproject.com/route/106799730/highland-highball,1,"Virginia > Southwest Virginia (Appalachia) > Grayson Highlands State Park > Highlands > Horizon Area > Highland Highball",3.9,-1,Attempt,,Boulder,,20,20200
2020-11-15,Slabacious,V0,"No pad piddling",https://www.mountainproject.com/route/106936701/slabacious,1,"Virginia > Southwest Virginia (Appalachia) > Grayson Highlands State Park > Highlands > Horizon Area > Highland Highball",2.5,-1,Send,,Boulder,,,20008
2020-10-31,"The Great Arch",5.5,"Spoopy climb. 3 pieces first two pitches, 1 piece last pitch",https://www.mountainproject.com/route/105887520/the-great-arch,3,"North Carolina > 3. Piedmont Region > Stone Mountain > Stone Mountain South Face",3.5,-1,Lead,Redpoint,Trad,,400,1500
2020-10-31,"Entrance Crack","5.5 R","Spoopy climb ",https://www.mountainproject.com/route/106043562/entrance-crack,1,"North Carolina > 3. Piedmont Region > Stone Mountain > Stone Mountain South Face",1.9,-1,Lead,Onsight,Trad,,90,1500
2020-10-24,Trundlerama,5.11a,"Blew a foot at 3rd bolt, pumped out at 8th. Fun movement up high, but very dirty holds the entire first half",https://www.mountainproject.com/route/111545119/trundlerama,1,"Tennessee > Obed & Clear Creek > Tieranny Roofs",1.0,-1,Lead,Fell/Hung,Sport,,80,4600
2020-10-24,"Huecool Junior",5.10c,,https://www.mountainproject.com/route/107343224/huecool-junior,1,"Tennessee > Obed & Clear Creek > Tieranny Roofs",2.7,-1,Lead,Redpoint,Sport,,,3200
2020-10-24,"Huecool Junior",5.10c,"Fell just below the anchors, wacky sequence",https://www.mountainproject.com/route/107343224/huecool-junior,1,"Tennessee > Obed & Clear Creek > Tieranny Roofs",2.7,-1,Lead,Fell/Hung,Sport,,,3200
2020-10-24,"Dutch Boy",5.10b,,https://www.mountainproject.com/route/106702402/dutch-boy,1,"Tennessee > Obed & Clear Creek > Tieranny Roofs",2.2,-1,Lead,Onsight,Sport,,50,2900
2020-10-24,"Rover B. Dog",5.10a,,https://www.mountainproject.com/route/106392548/rover-b-dog,1,"Tennessee > Obed & Clear Creek > Tieranny Roofs",2.6,-1,Lead,Onsight,Sport,,50,2600
2020-10-22,Incredarete,V1,,https://www.mountainproject.com/route/107947503/incredarete,1,"Tennessee > Stone Fort > Front Area > Mystery Machine Boulder",3.4,-1,Flash,,Boulder,,,20100
2020-10-22,"Two Can Sam",V3,,https://www.mountainproject.com/route/106350067/two-can-sam,1,"Tennessee > Stone Fort > Front Area > Slice and Dice Boulder",2.9,-1,Send,,Boulder,,,20300
2020-10-22,"Needless Things",V0-,,https://www.mountainproject.com/route/108267565/needless-things,1,"Tennessee > Stone Fort > Front Area > Fire Crack Boulder",2.2,-1,Flash,,Boulder,,11,20005
2020-10-22,"Fire Crack Flake",V1,,https://www.mountainproject.com/route/107303695/fire-crack-flake,1,"Tennessee > Stone Fort > Front Area > Fire Crack Boulder",3.0,-1,Flash,,Boulder,,12,20100
2020-10-22,Dice,V2,,https://www.mountainproject.com/route/107040447/dice,1,"Tennessee > Stone Fort > Front Area > Slice and Dice Boulder",2.0,-1,Send,,Boulder,,8,20200
2020-10-22,"Costume Rings",V0-,,https://www.mountainproject.com/route/108267575/costume-rings,1,"Tennessee > Stone Fort > Front Area > Fire Crack Boulder",2.2,-1,Flash,,Boulder,,12,20005
2020-10-18,"Southwest Buttress Variation",5.5,"Meant to do Ecstasy, ended up here!",https://www.mountainproject.com/route/107341911/southwest-buttress-variation,1,"West Virginia > Seneca Rocks > South End",2.8,-1,Lead,Onsight,Trad,,60,1500
2020-10-18,"Skyline Traverse",5.3,"Followed Walker clean",https://www.mountainproject.com/route/105917259/skyline-traverse,3,"West Virginia > Seneca Rocks > South Peak - East Face > Southeast Corner",2.9,-1,Follow,,Trad,,,1300
2020-10-17,"The Burn",5.8,"Way more than I had bargained for",https://www.mountainproject.com/route/105910394/the-burn,1,"West Virginia > Seneca Rocks > South Peak - West Face > Southwest Corner",3.2,-1,Lead,Onsight,Trad,,150,2100
2020-10-17,"Gunsight to South Peak",5.4,"Followed Kelly clean",https://www.mountainproject.com/route/105924140/gunsight-to-south-peak,2,"West Virginia > Seneca Rocks > South Peak - West Face > South Peak West Face (Main Area)",3.7,-1,Follow,,Trad,,150,1400
2020-10-17,"Skyline Traverse",5.3,,https://www.mountainproject.com/route/105917259/skyline-traverse,3,"West Virginia > Seneca Rocks > South Peak - East Face > Southeast Corner",2.9,-1,Lead,Onsight,Trad,,,1300
2020-10-05,"5.10a trad",5.10a,"The Medallion (settled on 10a). Fell on a #2 after blowing a hold",https://www.mountainproject.com/route/112169053/510a-trad,1,"* In Progress > Generic Area",2.7,-1,Lead,Fell/Hung,Trad,,,2600
2020-10-03,"Fruit Loops",5.7+,"clean follow (just P1)",https://www.mountainproject.com/route/105898439/fruit-loops,1,"North Carolina > 1. Southern Mountains Region > Rumbling Bald > Cereal Buttress",3.5,-1,Follow,,Trad,,160,1900
2020-10-03,"Frosted Flake",5.9+,,https://www.mountainproject.com/route/105899306/frosted-flake,1,"North Carolina > 1. Southern Mountains Region > Rumbling Bald > Cereal Buttress",3.6,-1,Lead,Flash,Trad,,80,2500
2020-10-03,"Whisky For Breakfast","5.10d PG13","one fall on thin section above roof pull",https://www.mountainproject.com/route/106002311/whisky-for-breakfast,1,"North Carolina > 1. Southern Mountains Region > Rumbling Bald > Cereal Buttress",3.0,-1,TR,,Trad,,90,3500
2020-10-03,Granola,5.8+,"stout traverse",https://www.mountainproject.com/route/105923513/granola,1,"North Carolina > 1. Southern Mountains Region > Rumbling Bald > Cereal Buttress",2.9,-1,Lead,Onsight,Trad,,70,2200
2020-10-03,"Fruit Loops",5.7+,"Pitch 2 is a must do! So fun!",https://www.mountainproject.com/route/105898439/fruit-loops,2,"North Carolina > 1. Southern Mountains Region > Rumbling Bald > Cereal Buttress",3.5,-1,Lead,Onsight,Trad,,160,1900
2020-09-27,"Wild Seed",5.11a,"Clean follow. Gotta come back for the lead!",https://www.mountainproject.com/route/106209593/wild-seed,1,"West Virginia > The New River Gorge Region > New River Gorge Proper > Fern Buttress > 5) Wild Seed Area",3.4,-1,Follow,,Sport,,70,4600
2020-09-27,Crescenta,5.10a,"Clean follow. Super fun!",https://www.mountainproject.com/route/106039070/crescenta,1,"West Virginia > The New River Gorge Region > New River Gorge Proper > Fern Buttress > 8) Ritz Cracker Area",3.8,-1,Follow,,Trad,,80,2600
2020-09-27,Hysteria,5.8,"Tricky gear low, walk in the park after the ledge",https://www.mountainproject.com/route/106073348/hysteria,1,"West Virginia > The New River Gorge Region > New River Gorge Proper > Fern Buttress > 7) Orchard Wall",2.9,-1,Lead,Onsight,Trad,,90,2100
2020-09-27,Springboard,5.10b,"Clean follow",https://www.mountainproject.com/route/105963436/springboard,1,"West Virginia > The New River Gorge Region > New River Gorge Proper > Fern Buttress > 7) Orchard Wall",3.7,-1,Follow,,Trad,,70,2900
2020-09-27,"Anal Clenching Adventures",5.10a,"Clean follow",https://www.mountainproject.com/route/106244477/anal-clenching-adventures,1,"West Virginia > The New River Gorge Region > New River Gorge Proper > Fern Buttress > 7) Orchard Wall",2.7,-1,Follow,,Trad,,50,2600
2020-09-26,Remission,5.10b,"clean follow",https://www.mountainproject.com/route/106037625/remission,1,"West Virginia > The New River Gorge Region > New River Gorge Proper > Endless Wall > G) Diamond Point",3.5,-1,Follow,,Trad,,90,2900
2020-09-26,"Can I Do It Till I Need Glasses",5.10c,"fell once after low traverse",https://www.mountainproject.com/route/106037604/can-i-do-it-till-i-need-glasses,1,"West Virginia > The New River Gorge Region > New River Gorge Proper > Endless Wall > G) Diamond Point",3.4,-1,Follow,,Trad,,90,3200
2020-09-26,"The Grafenburg Crack",5.9-,,https://www.mountainproject.com/route/106155527/the-grafenburg-crack,1,"West Virginia > The New River Gorge Region > New River Gorge Proper > Endless Wall > L) Dr. Ruth's Big Buttress",2.8,-1,Lead,Onsight,Trad,,80,2300
2020-09-26,"The Undeserved",5.10b/c,"clean follow",https://www.mountainproject.com/route/106575442/the-undeserved,1,"West Virginia > The New River Gorge Region > New River Gorge Proper > Endless Wall > N) The Undeserved Area",3.7,-1,Follow,,Trad,,90,3100
2020-09-26,"Celibate Mallard",5.10c,"1 fall under roof",https://www.mountainproject.com/route/106874818/celibate-mallard,1,"West Virginia > The New River Gorge Region > New River Gorge Proper > Endless Wall > N) The Undeserved Area",3.7,-1,Follow,,Trad,,90,3200
2020-09-26,"Black and Tan",5.10a,"clean follow",https://www.mountainproject.com/route/105977657/black-and-tan,1,"West Virginia > The New River Gorge Region > New River Gorge Proper > Endless Wall > M) Fantasy Area",3.7,-1,Follow,,Trad,,80,2600
2020-09-26,"Doce Doe",5.8,,https://www.mountainproject.com/route/106310040/doce-doe,1,"West Virginia > The New River Gorge Region > New River Gorge Proper > Endless Wall > M) Fantasy Area",2.3,-1,Lead,Flash,Trad,,80,2100
2020-09-26,Fantasy,5.8,"Clean follow",https://www.mountainproject.com/route/106155521/fantasy,1,"West Virginia > The New River Gorge Region > New River Gorge Proper > Endless Wall > M) Fantasy Area",3.6,-1,Follow,,Trad,,120,2100
2020-09-24,"Big Alternative",V4,"Got a big flapper on the crux move(?) moving from the fat fin after the start holds",https://www.mountainproject.com/route/115177348/big-alternative,1,"West Virginia > The New River Gorge Region > New River Gorge Proper > Junkyard Area > Junkyard Cave",2.8,-1,Attempt,,Boulder,,,20400
2020-09-24,"Warm-up Roof",V2,,https://www.mountainproject.com/route/119055801/warm-up-roof,1,"West Virginia > The New River Gorge Region > New River Gorge Proper > Junkyard Area > Junkyard Cave",2.9,-1,,,Boulder,,,20200
2020-09-24,"The Entertainer",5.10a,"TR solo. Clean",https://www.mountainproject.com/route/105943593/the-entertainer,1,"West Virginia > The New River Gorge Region > New River Gorge Proper > Junkyard Area > Junkyard Wall",3.4,-1,TR,,"Trad, TR",,65,2600
2020-09-23,"Reachers of Habit",5.11b,"TR solo. Fell once at crux",https://www.mountainproject.com/route/105943580/reachers-of-habit,1,"West Virginia > The New River Gorge Region > New River Gorge Proper > Junkyard Area > Junkyard Wall",2.8,-1,TR,,Sport,,70,4900
2020-09-23,"Reaching New Heights",5.11b,"TR solo. Send",https://www.mountainproject.com/route/106859853/reaching-new-heights,1,"West Virginia > The New River Gorge Region > New River Gorge Proper > Junkyard Area > Junkyard Wall",2.2,-1,TR,,Trad,,60,4900
2020-09-23,"Reaching New Heights",5.11b,"TR solo. Fell at crux",https://www.mountainproject.com/route/106859853/reaching-new-heights,1,"West Virginia > The New River Gorge Region > New River Gorge Proper > Junkyard Area > Junkyard Wall",2.2,-1,TR,,Trad,,60,4900
2020-09-23,"New River Gunks",5.7+,"TR solo. Send",https://www.mountainproject.com/route/105943588/new-river-gunks,1,"West Virginia > The New River Gorge Region > New River Gorge Proper > Junkyard Area > Junkyard Wall",2.6,-1,TR,,"Trad, TR",,80,1900
2020-09-23,"Team Jesus",5.10a,"TR solo. Direct start. Send",https://www.mountainproject.com/route/105943753/team-jesus,1,"West Virginia > The New River Gorge Region > New River Gorge Proper > Junkyard Area > Junkyard Wall",2.8,-1,TR,,Trad,,65,2600
2020-09-22,"Jumpin' Jack Flash",5.7+,"TR solo. Flash",https://www.mountainproject.com/route/105963441/jumpin-jack-flash,1,"West Virginia > The New River Gorge Region > New River Gorge Proper > Junkyard Area > Junkyard Wall",2.2,-1,TR,,Trad,,50,1900
2020-09-22,Realignment,5.10d,"TR solo. A couple falls, get a high left foot",https://www.mountainproject.com/route/105943599/realignment,1,"West Virginia > The New River Gorge Region > New River Gorge Proper > Junkyard Area > Junkyard Wall",3.3,-1,TR,,"Trad, TR",,80,3500
2020-09-22,"The Entertainer",5.10a,"TR solo. Clean",https://www.mountainproject.com/route/105943593/the-entertainer,1,"West Virginia > The New River Gorge Region > New River Gorge Proper > Junkyard Area > Junkyard Wall",3.4,-1,TR,,"Trad, TR",,65,2600
2020-09-22,"New Yosemite",5.9,"TR solo. One fall",https://www.mountainproject.com/route/105943658/new-yosemite,1,"West Virginia > The New River Gorge Region > New River Gorge Proper > Junkyard Area > Junkyard Wall",3.5,-1,,,"Trad, TR",,65,2400
2020-09-22,"New Yosemite",5.9,"TR solo. One fall",https://www.mountainproject.com/route/105943658/new-yosemite,1,"West Virginia > The New River Gorge Region > New River Gorge Proper > Junkyard Area > Junkyard Wall",3.5,-1,TR,,"Trad, TR",,65,2400
2020-09-21,"Stretch Armstrong",5.12a,"TR solo. Hangdog. My poor fingers",https://www.mountainproject.com/route/105943677/stretch-armstrong,1,"West Virginia > The New River Gorge Region > New River Gorge Proper > Bridge Area > 2 Bridge Buttress",2.8,-1,TR,,Sport,,70,6600
2020-09-21,Jaws,5.9+,"TR solo. Took a couple times",https://www.mountainproject.com/route/105943880/jaws,1,"West Virginia > The New River Gorge Region > New River Gorge Proper > Bridge Area > 2 Bridge Buttress",3.1,-1,TR,,"Trad, TR",,70,2500
2020-09-20,"Brain Tweezers",5.10c,"Super fun moves, love it!",https://www.mountainproject.com/route/106023161/brain-tweezers,1,"West Virginia > The New River Gorge Region > New River Gorge Proper > Beauty Mountain > 3) The Brain",3.1,-1,TR,,Sport,,60,3200
2020-09-20,"Burning Calves",5.10b,"Clean TR, would be pretty tough on lead",https://www.mountainproject.com/route/106001499/burning-calves,1,"West Virginia > The New River Gorge Region > New River Gorge Proper > Beauty Mountain > 5) Burning Buttress",3.8,4,TR,,Trad,,70,2900
2020-09-20,"Happy Hands",5.9,"Clean follow",https://www.mountainproject.com/route/106023184/happy-hands,1,"West Virginia > The New River Gorge Region > New River Gorge Proper > Beauty Mountain > 5) Burning Buttress",2.8,-1,Follow,,Trad,,70,2400
2020-09-20,"Brain Storm",5.8,"Took a decent whip ~8ft shy of the anchors. Ripped one piece on the way down. Fun stuff!",https://www.mountainproject.com/route/106831253/brain-storm,1,"West Virginia > The New River Gorge Region > New River Gorge Proper > Beauty Mountain > 3) The Brain",2.1,-1,Lead,Fell/Hung,Trad,,70,2100
2020-09-20,"Out of Mind",5.10a,"First 5.10 trad lead, easy one to start with!",https://www.mountainproject.com/route/106023149/out-of-mind,1,"West Virginia > The New River Gorge Region > New River Gorge Proper > Beauty Mountain > 3) The Brain",2.1,-1,Lead,Onsight,Trad,,70,2600
2020-09-20,"You Want It, You Got It",5.9,,https://www.mountainproject.com/route/106021094/you-want-it-you-got-it,1,"West Virginia > The New River Gorge Region > New River Gorge Proper > Beauty Mountain > 3) The Brain",2.5,-1,Lead,Onsight,Sport,,60,2400
2020-09-19,"Going Ballistic",5.10d,"Pumped out on near the last moves. Belayed Carter for his first lead",https://www.mountainproject.com/route/106603133/going-ballistic,1,"West Virginia > The New River Gorge Region > Summersville (Gauley River) Area > Summersville Lake (main) > The Long Wall",2.9,-1,Lead,Fell/Hung,Sport,,50,3500
2020-09-19,"Flight Path",5.10b,"Booked my ticket on the flight one move below the anchors, flew about 20ft. Woo!",https://www.mountainproject.com/route/107094773/flight-path,1,"West Virginia > The New River Gorge Region > Summersville (Gauley River) Area > Summersville Lake (main) > The Long Wall",3.0,-1,Lead,Fell/Hung,Sport,,40,2900
2020-09-19,"She Got the Bosch, I Got Drilled",5.10a,"Fell at the Crux. rest up better at the second rest next time",https://www.mountainproject.com/route/106002567/she-got-the-bosch-i-got-drilled,1,"West Virginia > The New River Gorge Region > Summersville (Gauley River) Area > Summersville Lake (main) > Orange Oswald Wall",3.2,-1,Lead,Fell/Hung,Sport,,90,2600
2020-09-19,"Chunko Goes Bowling",5.9+,"Super fun!",https://www.mountainproject.com/route/106002544/chunko-goes-bowling,1,"West Virginia > The New River Gorge Region > Summersville (Gauley River) Area > Summersville Lake (main) > Orange Oswald Wall",2.6,-1,Lead,Onsight,Sport,,80,2500
2020-09-19,"Sniff the Drill",5.8,,https://www.mountainproject.com/route/106139168/sniff-the-drill,1,"West Virginia > The New River Gorge Region > Summersville (Gauley River) Area > Summersville Lake (main) > Narcissus Cave",2.4,-1,Lead,Flash,Sport,,45,2100
2020-09-19,"That Eight",5.8-,,https://www.mountainproject.com/route/105992317/that-eight,1,"West Virginia > The New River Gorge Region > Summersville (Gauley River) Area > Summersville Lake (main) > Narcissus Cave",2.4,-1,Lead,Flash,Sport,,70,2000
2020-09-19,"Hippie Dreams",5.7,,https://www.mountainproject.com/route/105992273/hippie-dreams,1,"West Virginia > The New River Gorge Region > Summersville (Gauley River) Area > Summersville Lake (main) > Orange Oswald Wall",3.0,-1,Lead,Onsight,Sport,,75,1800
2020-09-07,"Zoo View",5.7+,Woo!,https://www.mountainproject.com/route/105932744/zoo-view,2,"North Carolina > 3. Piedmont Region > Hanging Rock State Park > Moore's Wall (Routes) > Sentinel Buttress > Circus Wall",3.8,-1,Lead,Flash,Trad,,220,1900
2020-09-06,"Rapscallion's Blues",5.10c,"Fell at roof, hung to remove some tough pieces ",https://www.mountainproject.com/route/105976636/rapscallions-blues,1,"West Virginia > The New River Gorge Region > New River Gorge Proper > Junkyard Area > Junkyard Wall",3.8,-1,Follow,,Trad,,65,3200
2020-09-06,"The Entertainer",5.10a,Flash,https://www.mountainproject.com/route/105943593/the-entertainer,1,"West Virginia > The New River Gorge Region > New River Gorge Proper > Junkyard Area > Junkyard Wall",3.4,-1,TR,,"Trad, TR",,65,2600
2020-09-06,"New River Gunks",5.7+,Flash,https://www.mountainproject.com/route/105943588/new-river-gunks,1,"West Virginia > The New River Gorge Region > New River Gorge Proper > Junkyard Area > Junkyard Wall",2.6,-1,TR,,"Trad, TR",,80,1900
2020-09-06,"Team Jesus",5.10a,Flash,https://www.mountainproject.com/route/105943753/team-jesus,1,"West Virginia > The New River Gorge Region > New River Gorge Proper > Junkyard Area > Junkyard Wall",2.8,-1,TR,,Trad,,65,2600
2020-09-06,"New Yosemite",5.9,"Fell once through crux, first fall on gear!",https://www.mountainproject.com/route/105943658/new-yosemite,1,"West Virginia > The New River Gorge Region > New River Gorge Proper > Junkyard Area > Junkyard Wall",3.5,-1,Lead,Fell/Hung,"Trad, TR",,65,2400
2020-09-06,"New Yosemite",5.9,"hung to try to booty the two stuck pieces",https://www.mountainproject.com/route/105943658/new-yosemite,1,"West Virginia > The New River Gorge Region > New River Gorge Proper > Junkyard Area > Junkyard Wall",3.5,-1,TR,,"Trad, TR",,65,2400
2020-09-06,"The Distortionist",5.6,,https://www.mountainproject.com/route/105963446/the-distortionist,1,"West Virginia > The New River Gorge Region > New River Gorge Proper > Junkyard Area > Junkyard Wall",1.9,-1,Lead,Onsight,Trad,,50,1600
2020-09-05,"Fred Sandstone Flake",5.9,flash,https://www.mountainproject.com/route/106910793/fred-sandstone-flake,1,"West Virginia > The New River Gorge Region > New River Gorge Proper > Bubba City > 12. Beer Wall",2.3,-1,TR,,Trad,,60,2400
2020-09-05,Werewolf,"5.10a PG13",flash,https://www.mountainproject.com/route/107984144/werewolf,1,"West Virginia > The New River Gorge Region > New River Gorge Proper > Bubba City > 12. Beer Wall",2.4,-1,TR,,Trad,,40,2600
2020-09-05,"My Sister Makes Cluster Bombs",5.11c,"Climbed through to the roof clean, mussed up my foot beta just after getting hands above the roof",https://www.mountainproject.com/route/106970293/my-sister-makes-cluster-bombs,1,"West Virginia > The New River Gorge Region > New River Gorge Proper > Bubba City > 12. Beer Wall",2.8,-1,TR,,Sport,,50,5200
2020-09-05,"Daisy Cutter",5.7+,,https://www.mountainproject.com/route/106406584/daisy-cutter,1,"West Virginia > The New River Gorge Region > New River Gorge Proper > Bubba City > 12. Beer Wall",2.6,-1,Lead,Flash,Sport,,60,1900
2020-09-05,"Eight Ball in the Side Pocket",5.12a,"Accidentally used the arete a couple times, hangdog. Fun though!",https://www.mountainproject.com/route/109525174/eight-ball-in-the-side-pocket,1,"West Virginia > The New River Gorge Region > New River Gorge Proper > Bubba City > 11. Bubba Buttress",3.3,-1,TR,,"Sport, TR",,70,6600
2020-09-05,"Basic Bubba Crack",5.9,"really ought to get a #3 and #4 ",https://www.mountainproject.com/route/105991892/basic-bubba-crack,1,"West Virginia > The New River Gorge Region > New River Gorge Proper > Bubba City > 11. Bubba Buttress",3.1,-1,Lead,Onsight,Trad,,75,2400
2020-09-05,"Bubba Safari","5.8 PG13",,https://www.mountainproject.com/route/108173074/bubba-safari,1,"West Virginia > The New River Gorge Region > New River Gorge Proper > Bubba City > 11. Bubba Buttress",1.6,-1,Lead,Pinkpoint,Trad,,60,2100
2020-09-05,"Bubba Safari","5.8 PG13","used 3 bolts from Fierce Face at the end",https://www.mountainproject.com/route/108173074/bubba-safari,1,"West Virginia > The New River Gorge Region > New River Gorge Proper > Bubba City > 11. Bubba Buttress",1.6,-1,Lead,Onsight,Trad,,60,2100
2020-08-30,"5.7 sport",5.7,"Flatten Your Curves. Nighttime ascent. ",https://www.mountainproject.com/route/112166265/57-sport,1,"* In Progress > Generic Area",2.2,-1,Lead,Redpoint,Sport,,,1800
2020-08-30,"5.9 trad",5.9,"The Medallion (downgraded to 9+). Nighttime ascent ",https://www.mountainproject.com/route/112166365/59-trad,1,"* In Progress > Generic Area",3.2,-1,Lead,Redpoint,Trad,,,2400
2020-08-25,Benadryl,V0,,https://www.mountainproject.com/route/107291084/benadryl,1,"Virginia > Southwest Virginia (Appalachia) > Grayson Highlands State Park > Listening Rock Trail > 1. Overlook Area > Hive Boulder",2.2,-1,Flash,,Boulder,,10,20008
2020-08-25,"Bumble Bee",V0,,https://www.mountainproject.com/route/107303137/bumble-bee,1,"Virginia > Southwest Virginia (Appalachia) > Grayson Highlands State Park > Listening Rock Trail > 1. Overlook Area > Hive Boulder",1.8,-1,Flash,,Boulder,,11,20008
2020-08-25,Honeycomb,V0,,https://www.mountainproject.com/route/107333043/honeycomb,1,"Virginia > Southwest Virginia (Appalachia) > Grayson Highlands State Park > Listening Rock Trail > 1. Overlook Area > Hive Boulder",2.6,-1,Flash,,Boulder,,16,20008
2020-08-25,"Eye of the Narwhal",V4,,https://www.mountainproject.com/route/107305945/eye-of-the-narwhal,1,"Virginia > Southwest Virginia (Appalachia) > Grayson Highlands State Park > Listening Rock Trail > 1. Overlook Area > Hive Boulder",3.0,-1,Attempt,,Boulder,,10,20400
2020-08-25,Jaws,V1,,https://www.mountainproject.com/route/107343968/jaws,1,"Virginia > Southwest Virginia (Appalachia) > Grayson Highlands State Park > Listening Rock Trail > 1. Overlook Area > Hive Boulder",1.8,-1,Flash,,Boulder,,10,20100
2020-08-25,Colony,V2,,https://www.mountainproject.com/route/109600239/colony,1,"Virginia > Southwest Virginia (Appalachia) > Grayson Highlands State Park > Listening Rock Trail > 1. Overlook Area > Hive Boulder",2.2,-1,Flash,,Boulder,,,20200
2020-08-25,"The Hive",V3,,https://www.mountainproject.com/route/107333030/the-hive,1,"Virginia > Southwest Virginia (Appalachia) > Grayson Highlands State Park > Listening Rock Trail > 1. Overlook Area > Hive Boulder",2.9,-1,Flash,,Boulder,,14,20300
2020-08-24,"Sunset Arête",V1,,https://www.mountainproject.com/route/107046664/sunset-arete,2,"Virginia > Southwest Virginia (Appalachia) > Grayson Highlands State Park > Highlands > Sunset Area > Sunset Boulder",2.5,-1,Flash,,Boulder,,12,20100
2020-08-24,"All Things Considered",V3,,https://www.mountainproject.com/route/107623934/all-things-considered,2,"Virginia > Southwest Virginia (Appalachia) > Grayson Highlands State Park > Highlands > Sunset Area > Sunset Boulder",3.7,-1,Flash,,Boulder,,25,20300
2020-08-24,"East Of Eden",V1,,https://www.mountainproject.com/route/106868765/east-of-eden,1,"Virginia > Southwest Virginia (Appalachia) > Grayson Highlands State Park > Highlands > Horizon Area > Horizon Boulder",2.2,-1,Flash,,Boulder,,12,20100
2020-08-24,"Magnetic North",V1,,https://www.mountainproject.com/route/106936787/magnetic-north,1,"Virginia > Southwest Virginia (Appalachia) > Grayson Highlands State Park > Highlands > Horizon Area > Horizon Boulder",2.0,-1,Flash,,Boulder,,,20100
2020-08-24,"Peace of Westphalia (PoW)",V0,,https://www.mountainproject.com/route/106868824/peace-of-westphalia-pow,1,"Virginia > Southwest Virginia (Appalachia) > Grayson Highlands State Park > Highlands > Horizon Area > Horizon Boulder",1.9,-1,Flash,,Boulder,,14,20008
2020-08-24,"Windy Heights",V1,,https://www.mountainproject.com/route/106941103/windy-heights,1,"Virginia > Southwest Virginia (Appalachia) > Grayson Highlands State Park > Highlands > Horizon Area > Horizon Boulder",2.0,-1,Flash,,Boulder,,12,20100
2020-08-24,"Highlands Lowball (corner version) Arete",V2+,,https://www.mountainproject.com/route/106820883/highlands-lowball-corner-version-arete,1,"Virginia > Southwest Virginia (Appalachia) > Grayson Highlands State Park > Highlands > Horizon Area > Highland Lowball",2.0,-1,Send,,Boulder,,7,20210
2020-08-24,"Highland Highball",V2,,https://www.mountainproject.com/route/106799730/highland-highball,1,"Virginia > Southwest Virginia (Appalachia) > Grayson Highlands State Park > Highlands > Horizon Area > Highland Highball",3.9,-1,Flash,,Boulder,,20,20200
2020-08-24,Slabacious,V0,,https://www.mountainproject.com/route/106936701/slabacious,1,"Virginia > Southwest Virginia (Appalachia) > Grayson Highlands State Park > Highlands > Horizon Area > Highland Highball",2.5,-1,Flash,,Boulder,,,20008
2020-08-16,"North Ridge",5.5,,https://www.mountainproject.com/route/105873517/north-ridge,3,"North Carolina > 2. Northern Mountains Region > Linville Gorge > Table Rock",3.4,-1,Follow,,Trad,,250,1500
2020-08-16,"My Route",5.6,"Had to downclimb just before the pitch 2 slab, it was soaking wet",https://www.mountainproject.com/route/105925492/my-route,1,"North Carolina > 2. Northern Mountains Region > Linville Gorge > Table Rock",3.2,-1,Lead,Onsight,Trad,,250,1600
2020-08-09,Erocktica,5.10c,"Heelhook beta works, feels good",https://www.mountainproject.com/route/108245161/erocktica,1,"North Carolina > 3. Piedmont Region > Pilot Mountain > 07. Little Amphitheater",2.7,-1,Lead,Redpoint,Sport,,50,3200
2020-08-09,"Teflon Toes",5.11a/b,,https://www.mountainproject.com/route/108700284/teflon-toes,1,"North Carolina > 3. Piedmont Region > Pilot Mountain > 03. Foreign Trade Zone",2.4,2,TR,,Sport,,55,4800
2020-08-09,"Teflon Toes",5.11a/b,,https://www.mountainproject.com/route/108700284/teflon-toes,1,"North Carolina > 3. Piedmont Region > Pilot Mountain > 03. Foreign Trade Zone",2.4,2,Lead,Redpoint,Sport,,55,4800
2020-08-09,"Overhang Hangover",5.11b,"Rested before crux",https://www.mountainproject.com/route/106988580/overhang-hangover,1,"North Carolina > 3. Piedmont Region > Pilot Mountain > 08. Amphitheater",3.1,-1,Lead,Fell/Hung,Sport,,60,4900
2020-08-09,Ironman,5.8+,,https://www.mountainproject.com/route/117986036/ironman,1,"North Carolina > 3. Piedmont Region > Pilot Mountain > 04. Copper Top",2.1,-1,Lead,Onsight,Sport,,,2200
2020-08-02,"Tight Rope",5.8,,https://www.mountainproject.com/route/117236753/tight-rope,1,"North Carolina > 4. Eastern Region > The Trestle > Upstream (West) Side",2.7,-1,Lead,Onsight,"Sport, TR",,60,2100
2020-08-02,"Tee Ball",5.6,,https://www.mountainproject.com/route/117236625/tee-ball,1,"North Carolina > 4. Eastern Region > The Trestle > River (South) Face",2.7,-1,Lead,Redpoint,"Sport, TR",,60,1600
2020-08-02,"All Gold Everything",5.9,"Borrowed some aliens from someone",https://www.mountainproject.com/route/117236723/all-gold-everything,1,"North Carolina > 4. Eastern Region > The Trestle > Road (North) Face",2.0,-1,Lead,Onsight,"Trad, TR",,50,2400
2020-07-27,"Iced Tee",5.8+,,https://www.mountainproject.com/route/117236666/iced-tee,1,"North Carolina > 4. Eastern Region > The Trestle > River (South) Face",3.1,-1,Lead,Redpoint,"Sport, TR",,60,2200
2020-07-27,"Itchy Bitch",5.10,"Didn&#39;t know you weren&#39;t supposed to use the arete. Next time!",https://www.mountainproject.com/route/117236678/itchy-bitch,1,"North Carolina > 4. Eastern Region > The Trestle > River (South) Face",2.3,-1,Lead,Redpoint,"Sport, TR",,60,3000
2020-07-27,"Tee Ball",5.6,,https://www.mountainproject.com/route/117236625/tee-ball,1,"North Carolina > 4. Eastern Region > The Trestle > River (South) Face",2.7,-1,Lead,Redpoint,"Sport, TR",,60,1600
2020-07-19,"Son of White Trash",5.8,"Moved right just after getting hands above the roof, making for a contrived roof pull",https://www.mountainproject.com/route/106752191/son-of-white-trash,1,"North Carolina > 2. Northern Mountains Region > The Dump > The Dump aka Warpin and Dorphin (Routes)",2.0,-1,TR,,"Trad, Sport",,40,2100
2020-07-19,"Son of White Trash",5.8,,https://www.mountainproject.com/route/106752191/son-of-white-trash,1,"North Carolina > 2. Northern Mountains Region > The Dump > The Dump aka Warpin and Dorphin (Routes)",2.0,-1,TR,,"Trad, Sport",,40,2100
2020-07-19,"Son of White Trash",5.8,,https://www.mountainproject.com/route/106752191/son-of-white-trash,1,"North Carolina > 2. Northern Mountains Region > The Dump > The Dump aka Warpin and Dorphin (Routes)",2.0,-1,Lead,Onsight,"Trad, Sport",,40,2100
2020-07-19,"Dimpsty Dumpster",5.10,"Clean climb, but on TR",https://www.mountainproject.com/route/106097230/dimpsty-dumpster,1,"North Carolina > 2. Northern Mountains Region > The Dump > The Dump aka Warpin and Dorphin (Routes)",2.1,-1,TR,,Sport,,25,3000
2020-07-19,"Dimpsty Dumpster",5.10,"Pumped out and fell at crux, then got through on the second try",https://www.mountainproject.com/route/106097230/dimpsty-dumpster,1,"North Carolina > 2. Northern Mountains Region > The Dump > The Dump aka Warpin and Dorphin (Routes)",2.1,-1,Lead,Fell/Hung,Sport,,25,3000
2020-07-19,"White Trash",5.10a,,https://www.mountainproject.com/route/106097225/white-trash,1,"North Carolina > 2. Northern Mountains Region > The Dump > The Dump aka Warpin and Dorphin (Routes)",2.0,-1,Lead,Onsight,Sport,,25,2600
2020-07-18,"I Gotta Wear Shades",5.9,,https://www.mountainproject.com/route/106495755/i-gotta-wear-shades,1,"North Carolina > 3. Piedmont Region > Pilot Mountain > 03. Foreign Trade Zone",2.3,-1,TR,,TR,,,2400
2020-07-18,"Teflon Toes",5.11a/b,"fell because I couldn't find Crux hold (horn). can get it next time",https://www.mountainproject.com/route/108700284/teflon-toes,1,"North Carolina > 3. Piedmont Region > Pilot Mountain > 03. Foreign Trade Zone",2.4,2,Lead,Fell/Hung,Sport,,55,4800
2020-07-18,Erocktica,5.10c,"do the left heelhook beta next time instead of the mega layback",https://www.mountainproject.com/route/108245161/erocktica,1,"North Carolina > 3. Piedmont Region > Pilot Mountain > 07. Little Amphitheater",2.7,-1,Lead,Redpoint,Sport,,50,3200
2020-07-18,Erocktica,5.10c,,https://www.mountainproject.com/route/108245161/erocktica,1,"North Carolina > 3. Piedmont Region > Pilot Mountain > 07. Little Amphitheater",2.7,-1,Lead,Fell/Hung,Sport,,50,3200
2020-07-18,"Crackin' Up",5.7,,https://www.mountainproject.com/route/106101938/crackin-up,1,"North Carolina > 3. Piedmont Region > Pilot Mountain > 08. Amphitheater",2.9,-1,Lead,Redpoint,Trad,,50,1800
2020-07-18,"The Herculean Test",5.10d,,https://www.mountainproject.com/route/107264984/the-herculean-test,1,"North Carolina > 3. Piedmont Region > Pilot Mountain > 10. Devil in the White House",3.0,-1,Lead,Redpoint,"Trad, Sport",,,3500
2020-07-18,"Devil in the White House",5.10c/d,,https://www.mountainproject.com/route/106955638/devil-in-the-white-house,1,"North Carolina > 3. Piedmont Region > Pilot Mountain > 10. Devil in the White House",3.2,-1,Lead,Pinkpoint,Sport,,60,3400
2020-07-18,"Devil in the White House",5.10c/d,,https://www.mountainproject.com/route/106955638/devil-in-the-white-house,1,"North Carolina > 3. Piedmont Region > Pilot Mountain > 10. Devil in the White House",3.2,-1,Lead,Redpoint,Sport,,60,3400
2020-07-18,"Papa Bear",5.10b,,https://www.mountainproject.com/route/106107230/papa-bear,1,"North Carolina > 3. Piedmont Region > Pilot Mountain > 06. Three Bears",2.5,-1,TR,,TR,,40,2900
2020-07-12,"The Black Hole",5.10b/c,,https://www.mountainproject.com/route/118093527/the-black-hole,1,"North Carolina > 3. Piedmont Region > Pilot Mountain > 04. Copper Top",2.5,-1,Lead,Flash,Sport,,50,3100
2020-07-12,Erocktica,5.10c,,https://www.mountainproject.com/route/108245161/erocktica,1,"North Carolina > 3. Piedmont Region > Pilot Mountain > 07. Little Amphitheater",2.7,-1,Lead,Fell/Hung,Sport,,50,3200
2020-07-12,Erocktica,5.10c,,https://www.mountainproject.com/route/108245161/erocktica,1,"North Carolina > 3. Piedmont Region > Pilot Mountain > 07. Little Amphitheater",2.7,-1,Lead,Fell/Hung,Sport,,50,3200
2020-07-12,"Papa Bear",5.10b,,https://www.mountainproject.com/route/106107230/papa-bear,1,"North Carolina > 3. Piedmont Region > Pilot Mountain > 06. Three Bears",2.5,-1,TR,,TR,,40,2900
2020-07-12,"Henar Lite",5.10c,,https://www.mountainproject.com/route/108418980/henar-lite,1,"North Carolina > 3. Piedmont Region > Pilot Mountain > 08. Amphitheater",2.6,-1,Lead,Redpoint,Sport,,,3200
2020-07-12,"The Herculean Test",5.10d,,https://www.mountainproject.com/route/107264984/the-herculean-test,1,"North Carolina > 3. Piedmont Region > Pilot Mountain > 10. Devil in the White House",3.0,-1,Lead,Redpoint,"Trad, Sport",,,3500
2020-07-12,"Smooth Sailing (aka Lloyd Would Have Liked It)",5.10a/b,,https://www.mountainproject.com/route/108058201/smooth-sailing-aka-lloyd-would-have-liked-it,1,"North Carolina > 3. Piedmont Region > Pilot Mountain > 12. Big Arete",2.9,-1,Lead,Pinkpoint,Sport,,80,2800
2020-06-26,"Black Rain",5.9,,https://www.mountainproject.com/route/106101931/black-rain,1,"North Carolina > 3. Piedmont Region > Pilot Mountain > 09. Black Rain Wall",2.7,-1,TR,,Sport,,80,2400
2020-06-22,"5.10c trad",5.10c,"The Medallion FA. Swam to base, soloed to start. ",https://www.mountainproject.com/route/112169061/510c-trad,1,"* In Progress > Generic Area",3.1,-1,Lead,Redpoint,Trad,,,3200
2020-06-22,"5.10c trad",5.10c,"The Medallion. TR solo. Send",https://www.mountainproject.com/route/112169061/510c-trad,1,"* In Progress > Generic Area",3.1,-1,TR,,Trad,,,3200
2020-06-22,"5.10c trad",5.10c,"The Medallion. TR solo. Send",https://www.mountainproject.com/route/112169061/510c-trad,1,"* In Progress > Generic Area",3.1,-1,TR,,Trad,,,3200
2020-06-21,"5.10c trad",5.10c,"The Medallion. TR solo. Send, climb smarter through the crux. Use the ledge+left hand palm press",https://www.mountainproject.com/route/112169061/510c-trad,1,"* In Progress > Generic Area",3.1,-1,,,Trad,,,3200
2020-06-21,"5.10c trad",5.10c,"The Medallion. TR solo. Send ",https://www.mountainproject.com/route/112169061/510c-trad,1,"* In Progress > Generic Area",3.1,-1,,,Trad,,,3200
2020-06-21,"5.10c trad",5.10c,"The Medallion. TR Solo. Practiced placing gear and hung to fiddle with placements",https://www.mountainproject.com/route/112169061/510c-trad,1,"* In Progress > Generic Area",3.1,-1,TR,,Trad,,,3200
2020-06-19,"5.10c trad",5.10c,"The Medallion. TR solo, fell. Get the left foot high on crux move",https://www.mountainproject.com/route/112169061/510c-trad,1,"* In Progress > Generic Area",3.1,-1,,,Trad,,,3200
2020-06-19,"5.10c trad",5.10c,"The Medallion. TR solo, send. ",https://www.mountainproject.com/route/112169061/510c-trad,1,"* In Progress > Generic Area",3.1,-1,,,Trad,,,3200
2020-06-18,"5.10c trad",5.10c,"The Medallion. TR solo, fell",https://www.mountainproject.com/route/112169061/510c-trad,1,"* In Progress > Generic Area",3.1,-1,,,Trad,,,3200
2020-06-18,"5.10c trad",5.10c,"The Medallion. TR solo, fell",https://www.mountainproject.com/route/112169061/510c-trad,1,"* In Progress > Generic Area",3.1,-1,TR,,Trad,,,3200
2020-06-18,"5.10c trad",5.10c,"The Medallion. TR solo, fell",https://www.mountainproject.com/route/112169061/510c-trad,1,"* In Progress > Generic Area",3.1,-1,TR,,Trad,,,3200
2020-06-07,"The Humbler",5.6,,https://www.mountainproject.com/route/116147655/the-humbler,1,"North Carolina > 2. Northern Mountains Region > Linville Gorge > The Chimneys > Yellow Wall",2.2,-1,TR,,TR,,30,1600
2020-06-07,"The Tumbler",5.6,,https://www.mountainproject.com/route/116147650/the-tumbler,1,"North Carolina > 2. Northern Mountains Region > Linville Gorge > The Chimneys > Yellow Wall",2.3,-1,TR,,TR,,30,1600
2020-06-06,"North Ridge",5.5,"Forgot there was a 3rd pitch and soloed it because we thought the climb was over ",https://www.mountainproject.com/route/105873517/north-ridge,3,"North Carolina > 2. Northern Mountains Region > Linville Gorge > Table Rock",3.4,-1,Lead,Onsight,Trad,,250,1500
2020-06-06,Crackerjack,5.8,"Backed off pitch 2, didn&#39;t think I had the gear. It goes on small gear, get good at hand jams",https://www.mountainproject.com/route/105925443/crackerjack,2,"North Carolina > 2. Northern Mountains Region > Linville Gorge > Table Rock",3.1,-1,Lead,Fell/Hung,Trad,,200,2100
2020-05-24,"Mama Bear",5.10b,"On sight",https://www.mountainproject.com/route/106106873/mama-bear,1,"North Carolina > 3. Piedmont Region > Pilot Mountain > 06. Three Bears",2.5,-1,TR,,TR,,30,2900
2020-05-24,"Baby Bear",5.11-,,https://www.mountainproject.com/route/106504809/baby-bear,1,"North Carolina > 3. Piedmont Region > Pilot Mountain > 06. Three Bears",2.6,3,TR,,TR,,,4700
2020-05-24,"Smooth Sailing (aka Lloyd Would Have Liked It)",5.10a/b,,https://www.mountainproject.com/route/108058201/smooth-sailing-aka-lloyd-would-have-liked-it,1,"North Carolina > 3. Piedmont Region > Pilot Mountain > 12. Big Arete",2.9,-1,Lead,Fell/Hung,Sport,,80,2800
2020-05-24,"Hot Yoga",5.10a/b,,https://www.mountainproject.com/route/117071993/hot-yoga,1,"North Carolina > 3. Piedmont Region > Pilot Mountain > 07. Little Amphitheater",3.3,-1,Lead,Redpoint,Sport,,50,2800
2020-05-24,"Pole Dancing",5.7,,https://www.mountainproject.com/route/108364371/pole-dancing,1,"North Carolina > 3. Piedmont Region > Pilot Mountain > 08. Amphitheater",2.9,-1,TR,,Sport,,60,1800
2020-05-23,"Mercury's Lead","5.9 R","TR solo. one fall low",https://www.mountainproject.com/route/106092200/mercurys-lead,2,"North Carolina > 3. Piedmont Region > Stone Mountain > Stone Mountain South Face",3.2,-1,TR,,"Trad, Sport",,300,2400
2020-05-23,"No Alternative","5.5 PG13","TR solo. went off route to the left to get back to anchors",https://www.mountainproject.com/route/105887729/no-alternative,3,"North Carolina > 3. Piedmont Region > Stone Mountain > Stone Mountain South Face",3.1,-1,TR,,Trad,,400,1500
2020-05-23,"Bombay Groove aka Yankee Go Home","5.10a PG13","TR solo. one fall low",https://www.mountainproject.com/route/107666720/bombay-groove-aka-yankee-go-home,2,"North Carolina > 3. Piedmont Region > Stone Mountain > Stone Mountain South Face",3.7,-1,TR,,Trad,,280,2600
2020-05-17,"The Great Arch",5.5,"Robs first lead!",https://www.mountainproject.com/route/105887520/the-great-arch,3,"North Carolina > 3. Piedmont Region > Stone Mountain > Stone Mountain South Face",3.5,-1,Follow,,Trad,,400,1500
2020-05-17,"The Great Arch",5.5,,https://www.mountainproject.com/route/105887520/the-great-arch,3,"North Carolina > 3. Piedmont Region > Stone Mountain > Stone Mountain South Face",3.5,-1,Lead,Redpoint,Trad,,400,1500
2020-05-17,"U Slot","5.7+ PG13",,https://www.mountainproject.com/route/105887741/u-slot,1,"North Carolina > 3. Piedmont Region > Stone Mountain > Stone Mountain South Face",2.4,-1,Lead,Redpoint,Trad,,140,1900
2020-05-16,Washboard,5.6,,https://www.mountainproject.com/route/106019621/washboard,1,"North Carolina > 3. Piedmont Region > Hanging Rock State Park > Moore's Wall (Routes) > Central Wall",2.7,-1,Lead,Onsight,Trad,,200,1600
2020-05-16,"Head Jam",5.6,,https://www.mountainproject.com/route/106746165/head-jam,1,"North Carolina > 3. Piedmont Region > Hanging Rock State Park > Moore's Wall (Routes) > Central Wall",2.7,-1,Lead,Redpoint,Trad,,110,1600
2020-05-16,"Sentinel Buttress",5.5,,https://www.mountainproject.com/route/106175435/sentinel-buttress,2,"North Carolina > 3. Piedmont Region > Hanging Rock State Park > Moore's Wall (Routes) > Sentinel Buttress > Center Buttress",2.8,-1,Lead,Onsight,Trad,,200,1500
2020-05-10,"Blue Chock",5.10b,"Two falls",https://www.mountainproject.com/route/106545800/blue-chock,1,"North Carolina > 3. Piedmont Region > Hanging Rock State Park > Moore's Wall (Routes) > Central Wall",3.6,-1,Follow,,Trad,,150,2900
2020-05-10,"Head Jam",5.6,,https://www.mountainproject.com/route/106746165/head-jam,1,"North Carolina > 3. Piedmont Region > Hanging Rock State Park > Moore's Wall (Routes) > Central Wall",2.7,-1,Lead,Onsight,Trad,,110,1600
2020-05-10,"Nuclear Crayon","5.10+ PG13","Clean follow",https://www.mountainproject.com/route/106019828/nuclear-crayon,1,"North Carolina > 3. Piedmont Region > Hanging Rock State Park > Moore's Wall (Routes) > The Amphitheater",2.7,-1,Follow,,Trad,,120,3300
2020-05-10,"Quaker State",5.11a,"Clean follow",https://www.mountainproject.com/route/106346381/quaker-state,1,"North Carolina > 3. Piedmont Region > Hanging Rock State Park > Moore's Wall (Routes) > The Amphitheater",3.8,-1,Follow,,Trad,,100,4600
2020-05-10,"Do or Dive",5.10a,"One fall at the crux",https://www.mountainproject.com/route/106777987/do-or-dive,1,"North Carolina > 3. Piedmont Region > Hanging Rock State Park > Moore's Wall (Routes) > The Amphitheater",3.1,-1,Follow,,Trad,,100,2600
2020-05-10,"Easy Hard",5.5,"First lead at Moore&#39;s!",https://www.mountainproject.com/route/106019894/easy-hard,1,"North Carolina > 3. Piedmont Region > Hanging Rock State Park > Moore's Wall (Routes) > Central Wall",2.3,-1,Lead,Onsight,Trad,,120,1500
2020-03-21,"Back to the Front",5.9,,https://www.mountainproject.com/route/106032004/back-to-the-front,1,"West Virginia > Seneca Rocks > South Peak - West Face > South Peak West Face (Main Area)",3.7,-1,Follow,,Trad,,100,2400
2020-03-21,"High Test",5.9+,,https://www.mountainproject.com/route/106193027/high-test,1,"West Virginia > Seneca Rocks > South Peak - East Face > Upper Broadway",3.9,-1,TR,,Trad,,120,2500
2020-03-21,"Spock's Brain",5.11a,,https://www.mountainproject.com/route/106060847/spocks-brain,1,"West Virginia > Seneca Rocks > South Peak - East Face > Upper Broadway",3.7,-1,TR,,Trad,,80,4600
2020-03-21,"Spock's Brain",5.11a,,https://www.mountainproject.com/route/106060847/spocks-brain,1,"West Virginia > Seneca Rocks > South Peak - East Face > Upper Broadway",3.7,-1,TR,,Trad,,80,4600
2020-03-21,"Alcoa Presents",5.8,,https://www.mountainproject.com/route/106171592/alcoa-presents,1,"West Virginia > Seneca Rocks > South Peak - East Face > Upper Broadway",3.3,-1,TR,,Trad,,50,2100
2020-03-21,"Conn's East Direct",5.8,,https://www.mountainproject.com/route/105908805/conns-east-direct,1,"West Virginia > Seneca Rocks > South Peak - East Face > Upper Broadway",2.6,-1,TR,,Trad,,80,2100
2020-03-21,Prune,5.7,,https://www.mountainproject.com/route/106267363/prune,2,"West Virginia > Seneca Rocks > South Peak - West Face > South Peak West Face (Main Area)",2.9,-1,Follow,,Trad,,320,1800
2020-03-20,"The Warlock",5.9+,,https://www.mountainproject.com/route/106446054/the-warlock,1,"West Virginia > Seneca Rocks > Lower Slabs",2.7,-1,TR,,Trad,,50,2500
2020-03-20,Discrepancy,5.8,,https://www.mountainproject.com/route/106446066/discrepancy,1,"West Virginia > Seneca Rocks > Lower Slabs",3.0,-1,TR,,"Trad, TR",,55,2100
2020-03-14,"Blind Prophet Lite","5.11b PG13","Had to jug past the roof move, so it doesn&#39;t really count :(",https://www.mountainproject.com/route/110848019/blind-prophet-lite,1,"North Carolina > 3. Piedmont Region > Pilot Mountain > 08. Amphitheater",3.0,-1,Follow,,Sport,,50,4900
2020-03-14,"Man Overboard",5.10c,,https://www.mountainproject.com/route/108296164/man-overboard,1,"North Carolina > 3. Piedmont Region > Pilot Mountain > 12. Big Arete",2.5,-1,Lead,Pinkpoint,Sport,,70,3200
2020-03-14,"Smooth Sailing (aka Lloyd Would Have Liked It)",5.10a/b,,https://www.mountainproject.com/route/108058201/smooth-sailing-aka-lloyd-would-have-liked-it,1,"North Carolina > 3. Piedmont Region > Pilot Mountain > 12. Big Arete",2.9,-1,Lead,Redpoint,Sport,,80,2800
2020-03-14,"Hot Yoga",5.10a/b,,https://www.mountainproject.com/route/117071993/hot-yoga,1,"North Carolina > 3. Piedmont Region > Pilot Mountain > 07. Little Amphitheater",3.3,-1,Lead,Onsight,Sport,,50,2800
2020-03-14,KMA,5.8,,https://www.mountainproject.com/route/108053227/kma,1,"North Carolina > 3. Piedmont Region > Pilot Mountain > 07. Little Amphitheater",2.5,-1,TR,,TR,,60,2100
2020-03-14,"Place Your Bet",5.7,"Did not use the arete on the left at the top",https://www.mountainproject.com/route/106130365/place-your-bet,1,"North Carolina > 3. Piedmont Region > Pilot Mountain > 07. Little Amphitheater",2.3,-1,TR,,TR,,50,1800
2020-03-14,"Chicken Bone",5.8,"First TR solo",https://www.mountainproject.com/route/106101924/chicken-bone,1,"North Carolina > 3. Piedmont Region > Pilot Mountain > 14. Parking Lot",3.0,2,TR,,"Trad, Sport, TR",,90,2100
2020-02-15,"Grandpa's Belay",5.6,,https://www.mountainproject.com/route/106130375/grandpas-belay,1,"North Carolina > 3. Piedmont Region > Pilot Mountain > 07. Little Amphitheater",2.4,-1,Lead,Redpoint,"Trad, TR",,50,1600
2020-02-15,"Devil in the White House",5.10c/d,,https://www.mountainproject.com/route/106955638/devil-in-the-white-house,1,"North Carolina > 3. Piedmont Region > Pilot Mountain > 10. Devil in the White House",3.2,-1,Lead,Fell/Hung,Sport,,60,3400
2020-02-15,"Pilot Error (chicken bone right)",5.8+,,https://www.mountainproject.com/route/118092850/pilot-error-chicken-bone-right,1,"North Carolina > 3. Piedmont Region > Pilot Mountain > 14. Parking Lot",3.1,3,TR,,"Sport, TR",,90,2200
2020-02-15,Vegomatic,5.7+,,https://www.mountainproject.com/route/106101917/vegomatic,1,"North Carolina > 3. Piedmont Region > Pilot Mountain > 14. Parking Lot",2.1,-1,Lead,Redpoint,"Trad, TR",,90,1900
2020-02-01,"Devil in the White House",5.10c/d,"Straight up the middle variation, the hardest one IMO. No falls though",https://www.mountainproject.com/route/106955638/devil-in-the-white-house,1,"North Carolina > 3. Piedmont Region > Pilot Mountain > 10. Devil in the White House",3.2,-1,TR,,Sport,,60,3400
2020-02-01,"Devil in the White House",5.10c/d,"Right variation. Super easy, albeit a little pumpy",https://www.mountainproject.com/route/106955638/devil-in-the-white-house,1,"North Carolina > 3. Piedmont Region > Pilot Mountain > 10. Devil in the White House",3.2,-1,Lead,Redpoint,Sport,,60,3400
2020-02-01,"Henar Lite",5.10c,"Felt super desperate in September, found a high-ish left foot on a chip makes the crux move easy",https://www.mountainproject.com/route/108418980/henar-lite,1,"North Carolina > 3. Piedmont Region > Pilot Mountain > 08. Amphitheater",2.6,-1,Lead,Pinkpoint,Sport,,,3200
2020-02-01,"Grandpa's Belay",5.6,"First climbers to the crag, found booty quad anchor ",https://www.mountainproject.com/route/106130375/grandpas-belay,1,"North Carolina > 3. Piedmont Region > Pilot Mountain > 07. Little Amphitheater",2.4,-1,TR,,"Trad, TR",,50,1600
2019-12-27,Vegomatic,5.7+,"First trad lead! Felt great :)",https://www.mountainproject.com/route/106101917/vegomatic,1,"North Carolina > 3. Piedmont Region > Pilot Mountain > 14. Parking Lot",2.1,-1,Lead,Redpoint,"Trad, TR",,90,1900
2019-12-27,"Pilot Error (chicken bone right)",5.8+,,https://www.mountainproject.com/route/118092850/pilot-error-chicken-bone-right,1,"North Carolina > 3. Piedmont Region > Pilot Mountain > 14. Parking Lot",3.1,3,Lead,Onsight,"Sport, TR",,90,2200
2019-12-27,"Devil in the White House",5.10c/d,,https://www.mountainproject.com/route/106955638/devil-in-the-white-house,1,"North Carolina > 3. Piedmont Region > Pilot Mountain > 10. Devil in the White House",3.2,-1,Lead,Redpoint,Sport,,60,3400
2019-12-27,"Black Rain",5.9,,https://www.mountainproject.com/route/106101931/black-rain,1,"North Carolina > 3. Piedmont Region > Pilot Mountain > 09. Black Rain Wall",2.7,-1,Lead,Onsight,Sport,,80,2400
2019-12-27,"Pole Dancing",5.7,,https://www.mountainproject.com/route/108364371/pole-dancing,1,"North Carolina > 3. Piedmont Region > Pilot Mountain > 08. Amphitheater",2.9,-1,Lead,Redpoint,Sport,,60,1800
2019-12-26,"Iced Tee",5.8+,,https://www.mountainproject.com/route/117236666/iced-tee,1,"North Carolina > 4. Eastern Region > The Trestle > River (South) Face",3.1,-1,Lead,Fell/Hung,"Sport, TR",,60,2200
2019-12-26,"Tee Ball",5.6,"Mock led, lots of bomber gear, mostly nuts & tricams",https://www.mountainproject.com/route/117236625/tee-ball,1,"North Carolina > 4. Eastern Region > The Trestle > River (South) Face",2.7,-1,TR,,"Sport, TR",,60,1600
2019-11-09,Bullistics,5.10b,,https://www.mountainproject.com/route/108631080/bullistics,1,"North Carolina > 3. Piedmont Region > Rocky Face Recreational Area > Section 5 > Upper Tier",3.2,-1,TR,,Sport,,40,2900
2019-11-09,"Hidden-mite short",5.9+,,https://www.mountainproject.com/route/108597661/hidden-mite-short,1,"North Carolina > 3. Piedmont Region > Rocky Face Recreational Area > Section 5 > Lower Tier",2.5,-1,TR,,Sport,,45,2500
2019-11-09,"Sunny Day",5.8,,https://www.mountainproject.com/route/108540528/sunny-day,1,"North Carolina > 3. Piedmont Region > Rocky Face Recreational Area > Section 2",2.7,-1,Lead,Flash,Sport,,50,2100
2019-11-09,"Blast in Black",5.9+,,https://www.mountainproject.com/route/108540246/blast-in-black,1,"North Carolina > 3. Piedmont Region > Rocky Face Recreational Area > Section 4",2.6,-1,Lead,Flash,Sport,,50,2500
2019-11-09,"Black Hole",5.10d,,https://www.mountainproject.com/route/108577075/black-hole,1,"North Carolina > 3. Piedmont Region > Rocky Face Recreational Area > Section 4",2.7,-1,Lead,Redpoint,Sport,,50,3500
2019-11-09,"Black Hole",5.10d,,https://www.mountainproject.com/route/108577075/black-hole,1,"North Carolina > 3. Piedmont Region > Rocky Face Recreational Area > Section 4",2.7,-1,TR,,Sport,,50,3500
2019-11-09,"Flight Time",5.7+,,https://www.mountainproject.com/route/108556815/flight-time,1,"North Carolina > 3. Piedmont Region > Rocky Face Recreational Area > Section 4",2.8,-1,Lead,Flash,Sport,,,1900
2019-11-03,"U Slot","5.7+ PG13",,https://www.mountainproject.com/route/105887741/u-slot,1,"North Carolina > 3. Piedmont Region > Stone Mountain > Stone Mountain South Face",2.4,-1,Follow,,Trad,,140,1900
2019-11-03,"The Great Arch",5.5,,https://www.mountainproject.com/route/105887520/the-great-arch,3,"North Carolina > 3. Piedmont Region > Stone Mountain > Stone Mountain South Face",3.5,-1,Follow,,Trad,,400,1500
2019-10-04,Goldilocks,5.5,,https://www.mountainproject.com/route/106107236/goldilocks,1,"North Carolina > 3. Piedmont Region > Pilot Mountain > 06. Three Bears",1.6,-1,TR,,TR,,50,1500
2019-10-04,"Pole Dancing",5.7,,https://www.mountainproject.com/route/108364371/pole-dancing,1,"North Carolina > 3. Piedmont Region > Pilot Mountain > 08. Amphitheater",2.9,-1,TR,,Sport,,60,1800
2019-10-04,"Pole Dancing",5.7,,https://www.mountainproject.com/route/108364371/pole-dancing,1,"North Carolina > 3. Piedmont Region > Pilot Mountain > 08. Amphitheater",2.9,-1,Lead,Redpoint,Sport,,60,1800
2019-10-04,"Mild Mannered Secretary",5.7,,https://www.mountainproject.com/route/106101952/mild-mannered-secretary,1,"North Carolina > 3. Piedmont Region > Pilot Mountain > 08. Amphitheater",2.3,-1,TR,,Sport,,50,1800
2019-09-27,"Henar Lite",5.10c,,https://www.mountainproject.com/route/108418980/henar-lite,1,"North Carolina > 3. Piedmont Region > Pilot Mountain > 08. Amphitheater",2.6,-1,Lead,Fell/Hung,Sport,,,3200
2019-09-27,"Devil in the White House",5.10c/d,,https://www.mountainproject.com/route/106955638/devil-in-the-white-house,1,"North Carolina > 3. Piedmont Region > Pilot Mountain > 10. Devil in the White House",3.2,-1,Lead,Fell/Hung,Sport,,60,3400
2019-09-27,"Crackin' Up",5.7,,https://www.mountainproject.com/route/106101938/crackin-up,1,"North Carolina > 3. Piedmont Region > Pilot Mountain > 08. Amphitheater",2.9,-1,TR,,Trad,,50,1800
2019-09-20,"Pump Street",5.10a,,https://www.mountainproject.com/route/109506951/pump-street,1,"North Carolina > 3. Piedmont Region > Pilot Mountain > 08. Amphitheater",2.7,-1,Lead,Onsight,Sport,,65,2600
2019-09-20,Vegomatic,5.7+,,https://www.mountainproject.com/route/106101917/vegomatic,1,"North Carolina > 3. Piedmont Region > Pilot Mountain > 14. Parking Lot",2.1,-1,TR,,"Trad, TR",,90,1900
2019-09-20,"Devil in the White House",5.10c/d,,https://www.mountainproject.com/route/106955638/devil-in-the-white-house,1,"North Carolina > 3. Piedmont Region > Pilot Mountain > 10. Devil in the White House",3.2,-1,TR,,Sport,,60,3400
2019-09-20,"Mild Mannered Secretary",5.7,,https://www.mountainproject.com/route/106101952/mild-mannered-secretary,1,"North Carolina > 3. Piedmont Region > Pilot Mountain > 08. Amphitheater",2.3,-1,Lead,Onsight,Sport,,50,1800
2019-09-20,"Henar Lite",5.10c,,https://www.mountainproject.com/route/108418980/henar-lite,1,"North Carolina > 3. Piedmont Region > Pilot Mountain > 08. Amphitheater",2.6,-1,Lead,Fell/Hung,Sport,,,3200
2019-09-07,"Smooth Sailing (aka Lloyd Would Have Liked It)",5.10a/b,,https://www.mountainproject.com/route/108058201/smooth-sailing-aka-lloyd-would-have-liked-it,1,"North Carolina > 3. Piedmont Region > Pilot Mountain > 12. Big Arete",2.9,-1,Lead,Fell/Hung,Sport,,80,2800
2019-09-07,Eurozone,5.10a,,https://www.mountainproject.com/route/108700293/eurozone,1,"North Carolina > 3. Piedmont Region > Pilot Mountain > 03. Foreign Trade Zone",2.6,-1,TR,,Sport,,55,2600
2019-09-07,"Man Overboard",5.10c,,https://www.mountainproject.com/route/108296164/man-overboard,1,"North Carolina > 3. Piedmont Region > Pilot Mountain > 12. Big Arete",2.5,-1,Lead,Fell/Hung,Sport,,70,3200
2019-09-07,"The Herculean Test",5.10d,,https://www.mountainproject.com/route/107264984/the-herculean-test,1,"North Carolina > 3. Piedmont Region > Pilot Mountain > 10. Devil in the White House",3.0,-1,Lead,Pinkpoint,"Trad, Sport",,,3500
2019-09-07,Erocktica,5.10c,,https://www.mountainproject.com/route/108245161/erocktica,1,"North Carolina > 3. Piedmont Region > Pilot Mountain > 07. Little Amphitheater",2.7,-1,Lead,Fell/Hung,Sport,,50,3200
2019-09-07,"Grandpa's Belay",5.6,,https://www.mountainproject.com/route/106130375/grandpas-belay,1,"North Carolina > 3. Piedmont Region > Pilot Mountain > 07. Little Amphitheater",2.4,-1,TR,,"Trad, TR",,50,1600
2019-08-30,"The Herculean Test",5.10d,,https://www.mountainproject.com/route/107264984/the-herculean-test,1,"North Carolina > 3. Piedmont Region > Pilot Mountain > 10. Devil in the White House",3.0,-1,TR,,"Trad, Sport",,,3500
2019-08-30,"Devil in the White House",5.10c/d,,https://www.mountainproject.com/route/106955638/devil-in-the-white-house,1,"North Carolina > 3. Piedmont Region > Pilot Mountain > 10. Devil in the White House",3.2,-1,Lead,Pinkpoint,Sport,,60,3400
2019-07-31,"Chicken Bone",5.8,,https://www.mountainproject.com/route/106101924/chicken-bone,1,"North Carolina > 3. Piedmont Region > Pilot Mountain > 14. Parking Lot",3.0,2,Lead,Onsight,"Trad, Sport, TR",,90,2100
2019-07-31,"Devil in the White House",5.10c/d,,https://www.mountainproject.com/route/106955638/devil-in-the-white-house,1,"North Carolina > 3. Piedmont Region > Pilot Mountain > 10. Devil in the White House",3.2,-1,TR,,Sport,,60,3400
2019-07-27,"The Kessel Run",V3,,https://www.mountainproject.com/route/112829875/the-kessel-run,1,"North Carolina > 3. Piedmont Region > Hanging Rock State Park > Moore's Wall (Bouldering) > Sentinel Buttress Boulderfield > Central Area > V3PO Boulder",2.4,3,Send,,Boulder,,,20300
2019-07-01,"Boone Lounge",V3,,https://www.mountainproject.com/route/108182998/boone-lounge,1,"North Carolina > 3. Piedmont Region > Hanging Rock State Park > Moore's Wall (Bouldering) > Sentinel Buttress Boulderfield > Central Area > Zschiesche's Corridor Left Side",2.3,-1,Send,,Boulder,,10,20300
2019-07-01,"What's In A Name",V3,,https://www.mountainproject.com/route/108526253/whats-in-a-name,1,"North Carolina > 3. Piedmont Region > Hanging Rock State Park > Moore's Wall (Bouldering) > Sentinel Buttress Boulderfield > Central Area > Masterlock Boulder",2.3,-1,Flash,,Boulder,V2,,20300
2019-07-01,"Admiral Aretebar",V2,,https://www.mountainproject.com/route/112825173/admiral-aretebar,1,"North Carolina > 3. Piedmont Region > Hanging Rock State Park > Moore's Wall (Bouldering) > Sentinel Buttress Boulderfield > Central Area > V3PO Boulder",1.8,-1,Send,,Boulder,,10,20200
2019-07-01,V3PO,V3+,,https://www.mountainproject.com/route/108182992/v3po,1,"North Carolina > 3. Piedmont Region > Hanging Rock State Park > Moore's Wall (Bouldering) > Sentinel Buttress Boulderfield > Central Area > V3PO Boulder",2.7,-1,Send,,Boulder,,10,20310
2019-07-01,"The Taoist",V1,,https://www.mountainproject.com/route/115407011/the-taoist,1,"North Carolina > 3. Piedmont Region > Hanging Rock State Park > Moore's Wall (Bouldering) > Sentinel Buttress Boulderfield > Central Area > Zschiesche's Corridor Right Side",2.1,-1,Send,,Boulder,,10,20100
2019-07-01,Oh-V1-Kenobi,V1,,https://www.mountainproject.com/route/108526195/oh-v1-kenobi,1,"North Carolina > 3. Piedmont Region > Hanging Rock State Park > Moore's Wall (Bouldering) > Sentinel Buttress Boulderfield > Central Area > Masterlock Boulder",2.8,-1,Flash,,Boulder,,,20100
2019-07-01,"It's A Trap",V1+,,https://www.mountainproject.com/route/112825180/its-a-trap,1,"North Carolina > 3. Piedmont Region > Hanging Rock State Park > Moore's Wall (Bouldering) > Sentinel Buttress Boulderfield > Central Area > V3PO Boulder",2.5,-1,Send,,Boulder,,10,20110
2019-06-15,"Gentle Ben",5.10a,,https://www.mountainproject.com/route/106495744/gentle-ben,1,"North Carolina > 3. Piedmont Region > Pilot Mountain > 06. Three Bears",2.6,-1,Follow,,"Sport, TR",,,2600
2019-06-15,"Pole Dancing",5.7,,https://www.mountainproject.com/route/108364371/pole-dancing,1,"North Carolina > 3. Piedmont Region > Pilot Mountain > 08. Amphitheater",2.9,-1,Lead,Fell/Hung,Sport,,60,1800
2019-06-15,"Baby Bear",5.11-,"on sight",https://www.mountainproject.com/route/106504809/baby-bear,1,"North Carolina > 3. Piedmont Region > Pilot Mountain > 06. Three Bears",2.6,3,TR,,TR,,,4700
